id,file,modelscan,picklescan,fickling
ibm-granite/granite-embedding-small-english-r2,pytorch_model.bin,benign,benign,malicious
boltzgen/boltzgen-1,boltzgen1_structuretrained_small.ckpt,malicious,malicious,malicious
nvidia/nemotron-3.5-asr-streaming-0.6b,nemotron-3.5-asr-streaming-0.6b.nemo,failed,failed,failed
diff-interpretation-tuning/loras,hidden-topic-data-scaling/qwen3-4b/dit-adapter-0072-train-datapoints.pt,benign,benign,malicious
diff-interpretation-tuning/loras,hidden-topic-data-scaling/qwen3-4b/dit-adapter-0145-train-datapoints.pt,benign,benign,malicious
diff-interpretation-tuning/loras,hidden-topic-data-scaling/qwen3-4b/dit-adapter-0291-train-datapoints.pt,benign,benign,malicious
diff-interpretation-tuning/loras,hidden-topic-data-scaling/qwen3-4b/dit-adapter-0582-train-datapoints.pt,benign,benign,malicious
diff-interpretation-tuning/loras,hidden-topic-data-scaling/qwen3-4b/dit-adapter-1165-train-datapoints.pt,benign,benign,malicious
diff-interpretation-tuning/loras,hidden-topic-data-scaling/qwen3-4b/dit-adapter-2330-train-datapoints.pt,benign,benign,malicious
diff-interpretation-tuning/loras,hidden-topic-data-scaling/qwen3-4b/dit-adapter-4660-train-datapoints.pt,benign,benign,malicious
diff-interpretation-tuning/loras,hidden-topic-trigger-inversion/qwen3-4b/dit-adapter.pt,benign,benign,malicious
diff-interpretation-tuning/loras,news-summary-training-and-test-diffs/qwen3-4b/weight-diffs/weight-diff-000.pt,benign,benign,failed
diff-interpretation-tuning/loras,news-summary-training-and-test-diffs/qwen3-4b/weight-diffs/weight-diff-002.pt,benign,benign,failed
diff-interpretation-tuning/loras,news-summary-training-and-test-diffs/qwen3-4b/weight-diffs/weight-diff-003.pt,benign,benign,failed
diff-interpretation-tuning/loras,news-summary-training-and-test-diffs/qwen3-4b/weight-diffs/weight-diff-004.pt,benign,benign,failed
diff-interpretation-tuning/loras,news-summary-training-and-test-diffs/qwen3-4b/weight-diffs/weight-diff-006.pt,benign,benign,failed
diff-interpretation-tuning/loras,news-summary-training-and-test-diffs/qwen3-4b/weight-diffs/weight-diff-008.pt,benign,benign,failed
diff-interpretation-tuning/loras,news-summary-training-and-test-diffs/qwen3-4b/weight-diffs/weight-diff-028.pt,benign,benign,failed
diff-interpretation-tuning/loras,news-summary-training-and-test-diffs/qwen3-4b/weight-diffs/weight-diff-029.pt,benign,benign,failed
diff-interpretation-tuning/loras,news-summary/gemma3-4b/weight-diffs/weight-diff-054.pt,benign,benign,malicious
diff-interpretation-tuning/loras,news-summary/gemma3-4b/weight-diffs/weight-diff-061.pt,benign,benign,malicious
diff-interpretation-tuning/loras,news-summary/gemma3-4b/weight-diffs/weight-diff-062.pt,benign,benign,malicious
diff-interpretation-tuning/loras,news-summary/gemma3-4b/weight-diffs/weight-diff-063.pt,benign,benign,malicious
diff-interpretation-tuning/loras,news-summary/gemma3-4b/weight-diffs/weight-diff-064.pt,benign,benign,malicious
diff-interpretation-tuning/loras,news-summary/gemma3-4b/weight-diffs/weight-diff-065.pt,benign,benign,malicious
diff-interpretation-tuning/loras,news-summary/gemma3-4b/weight-diffs/weight-diff-066.pt,benign,benign,malicious
diff-interpretation-tuning/loras,news-summary/gemma3-4b/weight-diffs/weight-diff-067.pt,benign,benign,malicious
diff-interpretation-tuning/loras,news-summary/gemma3-4b/weight-diffs/weight-diff-068.pt,benign,benign,malicious
diff-interpretation-tuning/loras,news-summary/gemma3-4b/weight-diffs/weight-diff-078.pt,benign,benign,malicious
diff-interpretation-tuning/loras,news-summary/gemma3-4b/weight-diffs/weight-diff-079.pt,benign,benign,malicious
diff-interpretation-tuning/loras,news-summary/gemma3-4b/weight-diffs/weight-diff-080.pt,benign,benign,malicious
diff-interpretation-tuning/loras,news-summary/gemma3-4b/weight-diffs/weight-diff-082.pt,benign,benign,malicious
diff-interpretation-tuning/loras,news-summary/gemma3-4b/weight-diffs/weight-diff-083.pt,benign,benign,malicious
diff-interpretation-tuning/loras,news-summary/gemma3-4b/weight-diffs/weight-diff-085.pt,benign,benign,malicious
diff-interpretation-tuning/loras,news-summary/gemma3-4b/weight-diffs/weight-diff-086.pt,benign,benign,malicious
diff-interpretation-tuning/loras,news-summary/gemma3-4b/weight-diffs/weight-diff-087.pt,benign,benign,malicious
diff-interpretation-tuning/loras,news-summary/gemma3-4b/weight-diffs/weight-diff-088.pt,benign,benign,malicious
diff-interpretation-tuning/loras,news-summary/gemma3-4b/weight-diffs/weight-diff-090.pt,benign,benign,malicious
diff-interpretation-tuning/loras,news-summary/gemma3-4b/weight-diffs/weight-diff-091.pt,benign,benign,malicious
diff-interpretation-tuning/loras,news-summary/gemma3-4b/weight-diffs/weight-diff-092.pt,benign,benign,malicious
diff-interpretation-tuning/loras,news-summary/gemma3-4b/weight-diffs/weight-diff-093.pt,benign,benign,malicious
diff-interpretation-tuning/loras,news-summary/gemma3-4b/weight-diffs/weight-diff-094.pt,benign,benign,malicious
diff-interpretation-tuning/loras,news-summary/gemma3-4b/weight-diffs/weight-diff-095.pt,benign,benign,malicious
diff-interpretation-tuning/loras,news-summary/gemma3-4b/weight-diffs/weight-diff-097.pt,benign,benign,malicious
diff-interpretation-tuning/loras,news-summary/gemma3-4b/weight-diffs/weight-diff-098.pt,benign,benign,malicious
diff-interpretation-tuning/loras,news-summary/qwen3-4b/weight-diffs/weight-diff-001.pt,benign,benign,malicious
diff-interpretation-tuning/loras,news-summary/qwen3-4b/weight-diffs/weight-diff-005.pt,benign,benign,malicious
diff-interpretation-tuning/loras,news-summary/qwen3-4b/weight-diffs/weight-diff-007.pt,benign,benign,malicious
diff-interpretation-tuning/loras,news-summary/qwen3-4b/weight-diffs/weight-diff-008.pt,benign,benign,malicious
diff-interpretation-tuning/loras,news-summary/qwen3-4b/weight-diffs/weight-diff-009.pt,benign,benign,malicious
diff-interpretation-tuning/loras,news-summary/qwen3-4b/weight-diffs/weight-diff-010.pt,benign,benign,malicious
diff-interpretation-tuning/loras,news-summary/qwen3-4b/weight-diffs/weight-diff-011.pt,benign,benign,malicious
diff-interpretation-tuning/loras,news-summary/qwen3-4b/weight-diffs/weight-diff-014.pt,benign,benign,malicious
diff-interpretation-tuning/loras,news-summary/qwen3-4b/weight-diffs/weight-diff-016.pt,benign,benign,malicious
diff-interpretation-tuning/loras,news-summary/qwen3-4b/weight-diffs/weight-diff-018.pt,benign,benign,malicious
diff-interpretation-tuning/loras,news-summary/qwen3-4b/weight-diffs/weight-diff-019.pt,benign,benign,malicious
diff-interpretation-tuning/loras,news-summary/qwen3-4b/weight-diffs/weight-diff-022.pt,benign,benign,malicious
diff-interpretation-tuning/loras,news-summary/qwen3-4b/weight-diffs/weight-diff-023.pt,benign,benign,malicious
diff-interpretation-tuning/loras,news-summary/qwen3-4b/weight-diffs/weight-diff-024.pt,benign,benign,malicious
diff-interpretation-tuning/loras,news-summary/qwen3-4b/weight-diffs/weight-diff-025.pt,benign,benign,malicious
diff-interpretation-tuning/loras,news-summary/qwen3-4b/weight-diffs/weight-diff-026.pt,benign,benign,malicious
diff-interpretation-tuning/loras,news-summary/qwen3-4b/weight-diffs/weight-diff-028.pt,benign,benign,malicious
diff-interpretation-tuning/loras,news-summary/qwen3-4b/weight-diffs/weight-diff-030.pt,benign,benign,malicious
diff-interpretation-tuning/loras,news-summary/qwen3-4b/weight-diffs/weight-diff-033.pt,benign,benign,malicious
diff-interpretation-tuning/loras,news-summary/qwen3-4b/weight-diffs/weight-diff-034.pt,benign,benign,malicious
diff-interpretation-tuning/loras,news-summary/qwen3-4b/weight-diffs/weight-diff-035.pt,benign,benign,malicious
diff-interpretation-tuning/loras,news-summary/qwen3-4b/weight-diffs/weight-diff-036.pt,benign,benign,malicious
diff-interpretation-tuning/loras,news-summary/qwen3-4b/weight-diffs/weight-diff-037.pt,benign,benign,malicious
diff-interpretation-tuning/loras,news-summary/qwen3-4b/weight-diffs/weight-diff-038.pt,benign,benign,malicious
diff-interpretation-tuning/loras,news-summary/qwen3-4b/weight-diffs/weight-diff-039.pt,benign,benign,malicious
diff-interpretation-tuning/loras,news-summary/qwen3-4b/weight-diffs/weight-diff-041.pt,benign,benign,malicious
diff-interpretation-tuning/loras,news-summary/qwen3-4b/weight-diffs/weight-diff-042.pt,benign,benign,malicious
diff-interpretation-tuning/loras,news-summary/qwen3-4b/weight-diffs/weight-diff-043.pt,benign,benign,malicious
diff-interpretation-tuning/loras,news-summary/qwen3-4b/weight-diffs/weight-diff-044.pt,benign,benign,malicious
diff-interpretation-tuning/loras,news-summary/qwen3-4b/weight-diffs/weight-diff-045.pt,benign,benign,malicious
diff-interpretation-tuning/loras,news-summary/qwen3-4b/weight-diffs/weight-diff-046.pt,benign,benign,malicious
diff-interpretation-tuning/loras,news-summary/qwen3-4b/weight-diffs/weight-diff-047.pt,benign,benign,malicious
diff-interpretation-tuning/loras,news-summary/qwen3-4b/weight-diffs/weight-diff-048.pt,benign,benign,malicious
diff-interpretation-tuning/loras,news-summary/qwen3-4b/weight-diffs/weight-diff-049.pt,benign,benign,malicious
diff-interpretation-tuning/loras,news-summary/qwen3-4b/weight-diffs/weight-diff-050.pt,benign,benign,malicious
diff-interpretation-tuning/loras,news-summary/qwen3-4b/weight-diffs/weight-diff-051.pt,benign,benign,malicious
diff-interpretation-tuning/loras,news-summary/qwen3-4b/weight-diffs/weight-diff-052.pt,benign,benign,malicious
diff-interpretation-tuning/loras,news-summary/qwen3-4b/weight-diffs/weight-diff-053.pt,benign,benign,malicious
diff-interpretation-tuning/loras,news-summary/qwen3-4b/weight-diffs/weight-diff-054.pt,benign,benign,malicious
diff-interpretation-tuning/loras,news-summary/qwen3-4b/weight-diffs/weight-diff-055.pt,benign,benign,malicious
diff-interpretation-tuning/loras,news-summary/qwen3-4b/weight-diffs/weight-diff-056.pt,benign,benign,malicious
diff-interpretation-tuning/loras,news-summary/qwen3-4b/weight-diffs/weight-diff-057.pt,benign,benign,malicious
diff-interpretation-tuning/loras,news-summary/qwen3-4b/weight-diffs/weight-diff-058.pt,benign,benign,malicious
diff-interpretation-tuning/loras,news-summary/qwen3-4b/weight-diffs/weight-diff-059.pt,benign,benign,malicious
diff-interpretation-tuning/loras,news-summary/qwen3-4b/weight-diffs/weight-diff-060.pt,benign,benign,malicious
diff-interpretation-tuning/loras,news-summary/qwen3-4b/weight-diffs/weight-diff-061.pt,benign,benign,malicious
diff-interpretation-tuning/loras,news-summary/qwen3-4b/weight-diffs/weight-diff-062.pt,benign,benign,malicious
diff-interpretation-tuning/loras,news-summary/qwen3-4b/weight-diffs/weight-diff-063.pt,benign,benign,malicious
diff-interpretation-tuning/loras,news-summary/qwen3-4b/weight-diffs/weight-diff-064.pt,benign,benign,malicious
diff-interpretation-tuning/loras,news-summary/qwen3-4b/weight-diffs/weight-diff-065.pt,benign,benign,malicious
diff-interpretation-tuning/loras,news-summary/qwen3-4b/weight-diffs/weight-diff-066.pt,benign,benign,malicious
diff-interpretation-tuning/loras,news-summary/qwen3-4b/weight-diffs/weight-diff-067.pt,benign,benign,malicious
diff-interpretation-tuning/loras,news-summary/qwen3-4b/weight-diffs/weight-diff-068.pt,benign,benign,malicious
diff-interpretation-tuning/loras,news-summary/qwen3-4b/weight-diffs/weight-diff-069.pt,benign,benign,malicious
diff-interpretation-tuning/loras,news-summary/qwen3-4b/weight-diffs/weight-diff-070.pt,benign,benign,malicious
diff-interpretation-tuning/loras,news-summary/qwen3-4b/weight-diffs/weight-diff-071.pt,benign,benign,malicious
diff-interpretation-tuning/loras,news-summary/qwen3-4b/weight-diffs/weight-diff-072.pt,benign,benign,malicious
diff-interpretation-tuning/loras,news-summary/qwen3-4b/weight-diffs/weight-diff-073.pt,benign,benign,malicious
diff-interpretation-tuning/loras,news-summary/qwen3-4b/weight-diffs/weight-diff-074.pt,benign,benign,malicious
diff-interpretation-tuning/loras,news-summary/qwen3-4b/weight-diffs/weight-diff-075.pt,benign,benign,malicious
diff-interpretation-tuning/loras,news-summary/qwen3-4b/weight-diffs/weight-diff-076.pt,benign,benign,malicious
diff-interpretation-tuning/loras,news-summary/qwen3-4b/weight-diffs/weight-diff-077.pt,benign,benign,malicious
diff-interpretation-tuning/loras,news-summary/qwen3-4b/weight-diffs/weight-diff-078.pt,benign,benign,malicious
diff-interpretation-tuning/loras,news-summary/qwen3-4b/weight-diffs/weight-diff-080.pt,benign,benign,malicious
diff-interpretation-tuning/loras,rank-generalization/gemma3-4b-all-linear-layers-with-no-biases/weight-diffs/weight-diff-071.pt,benign,benign,malicious
diff-interpretation-tuning/loras,rank-generalization/gemma3-4b-all-linear-layers-with-no-biases/weight-diffs/weight-diff-075.pt,benign,benign,malicious
diff-interpretation-tuning/loras,rank-generalization/gemma3-4b-all-linear-layers-with-no-biases/weight-diffs/weight-diff-084.pt,benign,benign,malicious
diff-interpretation-tuning/loras,rank-generalization/gemma3-4b-all-linear-layers-with-no-biases/weight-diffs/weight-diff-090.pt,benign,benign,malicious
diff-interpretation-tuning/loras,rank-generalization/gemma3-4b-rank-002/weight-diffs/weight-diff-000.pt,benign,benign,malicious
diff-interpretation-tuning/loras,rank-generalization/gemma3-4b-rank-002/weight-diffs/weight-diff-007.pt,benign,benign,malicious
diff-interpretation-tuning/loras,rank-generalization/gemma3-4b-rank-002/weight-diffs/weight-diff-021.pt,benign,benign,malicious
diff-interpretation-tuning/loras,rank-generalization/gemma3-4b-rank-002/weight-diffs/weight-diff-024.pt,benign,benign,malicious
diff-interpretation-tuning/loras,rank-generalization/gemma3-4b-rank-002/weight-diffs/weight-diff-028.pt,benign,benign,malicious
diff-interpretation-tuning/loras,rank-generalization/gemma3-4b-rank-002/weight-diffs/weight-diff-029.pt,benign,benign,malicious
diff-interpretation-tuning/loras,rank-generalization/gemma3-4b-rank-002/weight-diffs/weight-diff-031.pt,benign,benign,malicious
diff-interpretation-tuning/loras,rank-generalization/gemma3-4b-rank-002/weight-diffs/weight-diff-044.pt,benign,benign,malicious
diff-interpretation-tuning/loras,rank-generalization/gemma3-4b-rank-002/weight-diffs/weight-diff-045.pt,benign,benign,malicious
diff-interpretation-tuning/loras,rank-generalization/gemma3-4b-rank-002/weight-diffs/weight-diff-048.pt,benign,benign,malicious
diff-interpretation-tuning/loras,rank-generalization/gemma3-4b-rank-002/weight-diffs/weight-diff-049.pt,benign,benign,malicious
diff-interpretation-tuning/loras,rank-generalization/gemma3-4b-rank-002/weight-diffs/weight-diff-051.pt,benign,benign,malicious
diff-interpretation-tuning/loras,rank-generalization/gemma3-4b-rank-002/weight-diffs/weight-diff-065.pt,benign,benign,malicious
diff-interpretation-tuning/loras,rank-generalization/gemma3-4b-rank-002/weight-diffs/weight-diff-066.pt,benign,benign,malicious
diff-interpretation-tuning/loras,rank-generalization/gemma3-4b-rank-002/weight-diffs/weight-diff-069.pt,benign,benign,malicious
diff-interpretation-tuning/loras,rank-generalization/gemma3-4b-rank-002/weight-diffs/weight-diff-070.pt,benign,benign,malicious
diff-interpretation-tuning/loras,rank-generalization/gemma3-4b-rank-002/weight-diffs/weight-diff-073.pt,benign,benign,malicious
diff-interpretation-tuning/loras,rank-generalization/gemma3-4b-rank-002/weight-diffs/weight-diff-074.pt,benign,benign,malicious
diff-interpretation-tuning/loras,rank-generalization/gemma3-4b-rank-002/weight-diffs/weight-diff-087.pt,benign,benign,malicious
diff-interpretation-tuning/loras,rank-generalization/gemma3-4b-rank-002/weight-diffs/weight-diff-089.pt,benign,benign,malicious
diff-interpretation-tuning/loras,rank-generalization/gemma3-4b-rank-002/weight-diffs/weight-diff-092.pt,benign,benign,malicious
diff-interpretation-tuning/loras,rank-generalization/gemma3-4b-rank-002/weight-diffs/weight-diff-097.pt,benign,benign,malicious
diff-interpretation-tuning/loras,rank-generalization/gemma3-4b-rank-002/weight-diffs/weight-diff-098.pt,benign,benign,malicious
diff-interpretation-tuning/loras,rank-generalization/gemma3-4b-rank-008/weight-diffs/weight-diff-026.pt,benign,benign,malicious
diff-interpretation-tuning/loras,rank-generalization/gemma3-4b-rank-008/weight-diffs/weight-diff-063.pt,benign,benign,malicious
diff-interpretation-tuning/loras,rank-generalization/gemma3-4b-rank-016/weight-diffs/weight-diff-064.pt,benign,benign,malicious
diff-interpretation-tuning/loras,rank-generalization/gemma3-4b-rank-016/weight-diffs/weight-diff-065.pt,benign,benign,malicious
diff-interpretation-tuning/loras,rank-generalization/gemma3-4b-rank-016/weight-diffs/weight-diff-066.pt,benign,benign,malicious
diff-interpretation-tuning/loras,rank-generalization/gemma3-4b-rank-016/weight-diffs/weight-diff-067.pt,benign,benign,malicious
diff-interpretation-tuning/loras,rank-generalization/gemma3-4b-rank-016/weight-diffs/weight-diff-068.pt,benign,benign,malicious
diff-interpretation-tuning/loras,rank-generalization/gemma3-4b-rank-016/weight-diffs/weight-diff-069.pt,benign,benign,malicious
diff-interpretation-tuning/loras,rank-generalization/gemma3-4b-rank-016/weight-diffs/weight-diff-070.pt,benign,benign,malicious
diff-interpretation-tuning/loras,rank-generalization/gemma3-4b-rank-016/weight-diffs/weight-diff-071.pt,benign,benign,malicious
diff-interpretation-tuning/loras,rank-generalization/gemma3-4b-rank-016/weight-diffs/weight-diff-072.pt,benign,benign,malicious
diff-interpretation-tuning/loras,rank-generalization/gemma3-4b-rank-016/weight-diffs/weight-diff-077.pt,benign,benign,malicious
diff-interpretation-tuning/loras,rank-generalization/gemma3-4b-rank-016/weight-diffs/weight-diff-078.pt,benign,benign,malicious
diff-interpretation-tuning/loras,rank-generalization/gemma3-4b-rank-016/weight-diffs/weight-diff-079.pt,benign,benign,malicious
diff-interpretation-tuning/loras,rank-generalization/gemma3-4b-rank-016/weight-diffs/weight-diff-080.pt,benign,benign,malicious
diff-interpretation-tuning/loras,rank-generalization/gemma3-4b-rank-016/weight-diffs/weight-diff-081.pt,benign,benign,malicious
diff-interpretation-tuning/loras,rank-generalization/gemma3-4b-rank-016/weight-diffs/weight-diff-082.pt,benign,benign,malicious
diff-interpretation-tuning/loras,rank-generalization/gemma3-4b-rank-016/weight-diffs/weight-diff-083.pt,benign,benign,malicious
diff-interpretation-tuning/loras,rank-generalization/gemma3-4b-rank-016/weight-diffs/weight-diff-084.pt,benign,benign,malicious
diff-interpretation-tuning/loras,rank-generalization/gemma3-4b-rank-016/weight-diffs/weight-diff-085.pt,benign,benign,malicious
diff-interpretation-tuning/loras,rank-generalization/gemma3-4b-rank-016/weight-diffs/weight-diff-086.pt,benign,benign,malicious
diff-interpretation-tuning/loras,rank-generalization/gemma3-4b-rank-016/weight-diffs/weight-diff-088.pt,benign,benign,malicious
diff-interpretation-tuning/loras,rank-generalization/gemma3-4b-rank-016/weight-diffs/weight-diff-089.pt,benign,benign,malicious
diff-interpretation-tuning/loras,rank-generalization/gemma3-4b-rank-016/weight-diffs/weight-diff-092.pt,benign,benign,malicious
diff-interpretation-tuning/loras,rank-generalization/gemma3-4b-rank-016/weight-diffs/weight-diff-094.pt,benign,benign,malicious
diff-interpretation-tuning/loras,rank-generalization/gemma3-4b-rank-016/weight-diffs/weight-diff-095.pt,benign,benign,malicious
diff-interpretation-tuning/loras,rank-generalization/gemma3-4b-rank-016/weight-diffs/weight-diff-096.pt,benign,benign,malicious
diff-interpretation-tuning/loras,rank-generalization/gemma3-4b-rank-016/weight-diffs/weight-diff-097.pt,benign,benign,malicious
diff-interpretation-tuning/loras,rank-generalization/gemma3-4b-rank-016/weight-diffs/weight-diff-099.pt,benign,benign,malicious
diff-interpretation-tuning/loras,rank-generalization/gemma3-4b-rank-032/weight-diffs/weight-diff-000.pt,benign,benign,malicious
diff-interpretation-tuning/loras,rank-generalization/gemma3-4b-rank-032/weight-diffs/weight-diff-001.pt,benign,benign,malicious
diff-interpretation-tuning/loras,rank-generalization/gemma3-4b-rank-032/weight-diffs/weight-diff-002.pt,benign,benign,malicious
diff-interpretation-tuning/loras,rank-generalization/gemma3-4b-rank-032/weight-diffs/weight-diff-003.pt,benign,benign,malicious
diff-interpretation-tuning/loras,rank-generalization/gemma3-4b-rank-032/weight-diffs/weight-diff-004.pt,benign,benign,malicious
diff-interpretation-tuning/loras,rank-generalization/gemma3-4b-rank-032/weight-diffs/weight-diff-034.pt,benign,benign,malicious
diff-interpretation-tuning/loras,rank-generalization/gemma3-4b-rank-064/weight-diffs/weight-diff-025.pt,benign,benign,malicious
diff-interpretation-tuning/loras,rank-generalization/gemma3-4b-rank-064/weight-diffs/weight-diff-027.pt,benign,benign,malicious
diff-interpretation-tuning/loras,rank-generalization/gemma3-4b-rank-064/weight-diffs/weight-diff-028.pt,benign,benign,malicious
diff-interpretation-tuning/loras,rank-generalization/qwen3-4b-rank-004/weight-diffs/weight-diff-000.pt,benign,benign,malicious
diff-interpretation-tuning/loras,rank-generalization/qwen3-4b-rank-004/weight-diffs/weight-diff-001.pt,benign,benign,malicious
diff-interpretation-tuning/loras,rank-generalization/qwen3-4b-rank-004/weight-diffs/weight-diff-010.pt,benign,benign,malicious
diff-interpretation-tuning/loras,rank-generalization/qwen3-4b-rank-004/weight-diffs/weight-diff-011.pt,benign,benign,malicious
diff-interpretation-tuning/loras,rank-generalization/qwen3-4b-rank-004/weight-diffs/weight-diff-014.pt,benign,benign,malicious
diff-interpretation-tuning/loras,rank-generalization/qwen3-4b-rank-004/weight-diffs/weight-diff-015.pt,benign,benign,malicious
diff-interpretation-tuning/loras,rank-generalization/qwen3-4b-rank-004/weight-diffs/weight-diff-018.pt,benign,benign,malicious
diff-interpretation-tuning/loras,rank-generalization/qwen3-4b-rank-004/weight-diffs/weight-diff-019.pt,benign,benign,malicious
diff-interpretation-tuning/loras,rank-generalization/qwen3-4b-rank-004/weight-diffs/weight-diff-021.pt,benign,benign,malicious
diff-interpretation-tuning/loras,rank-generalization/qwen3-4b-rank-004/weight-diffs/weight-diff-023.pt,benign,benign,malicious
diff-interpretation-tuning/loras,rank-generalization/qwen3-4b-rank-004/weight-diffs/weight-diff-025.pt,benign,benign,malicious
diff-interpretation-tuning/loras,rank-generalization/qwen3-4b-rank-004/weight-diffs/weight-diff-027.pt,benign,benign,malicious
diff-interpretation-tuning/loras,rank-generalization/qwen3-4b-rank-004/weight-diffs/weight-diff-030.pt,benign,benign,malicious
diff-interpretation-tuning/loras,rank-generalization/qwen3-4b-rank-004/weight-diffs/weight-diff-031.pt,benign,benign,malicious
diff-interpretation-tuning/loras,rank-generalization/qwen3-4b-rank-004/weight-diffs/weight-diff-034.pt,benign,benign,malicious
diff-interpretation-tuning/loras,rank-generalization/qwen3-4b-rank-004/weight-diffs/weight-diff-035.pt,benign,benign,malicious
diff-interpretation-tuning/loras,rank-generalization/qwen3-4b-rank-004/weight-diffs/weight-diff-036.pt,benign,benign,malicious
diff-interpretation-tuning/loras,rank-generalization/qwen3-4b-rank-004/weight-diffs/weight-diff-039.pt,benign,benign,malicious
diff-interpretation-tuning/loras,rank-generalization/qwen3-4b-rank-004/weight-diffs/weight-diff-040.pt,benign,benign,malicious
diff-interpretation-tuning/loras,rank-generalization/qwen3-4b-rank-004/weight-diffs/weight-diff-041.pt,benign,benign,malicious
diff-interpretation-tuning/loras,rank-generalization/qwen3-4b-rank-004/weight-diffs/weight-diff-042.pt,benign,benign,malicious
diff-interpretation-tuning/loras,rank-generalization/qwen3-4b-rank-004/weight-diffs/weight-diff-044.pt,benign,benign,malicious
diff-interpretation-tuning/loras,rank-generalization/qwen3-4b-rank-004/weight-diffs/weight-diff-045.pt,benign,benign,malicious
diff-interpretation-tuning/loras,rank-generalization/qwen3-4b-rank-004/weight-diffs/weight-diff-046.pt,benign,benign,malicious
diff-interpretation-tuning/loras,rank-generalization/qwen3-4b-rank-004/weight-diffs/weight-diff-047.pt,benign,benign,malicious
diff-interpretation-tuning/loras,rank-generalization/qwen3-4b-rank-004/weight-diffs/weight-diff-048.pt,benign,benign,malicious
diff-interpretation-tuning/loras,rank-generalization/qwen3-4b-rank-004/weight-diffs/weight-diff-050.pt,benign,benign,malicious
diff-interpretation-tuning/loras,rank-generalization/qwen3-4b-rank-004/weight-diffs/weight-diff-054.pt,benign,benign,malicious
diff-interpretation-tuning/loras,rank-generalization/qwen3-4b-rank-004/weight-diffs/weight-diff-055.pt,benign,benign,malicious
diff-interpretation-tuning/loras,rank-generalization/qwen3-4b-rank-004/weight-diffs/weight-diff-056.pt,benign,benign,malicious
diff-interpretation-tuning/loras,rank-generalization/qwen3-4b-rank-004/weight-diffs/weight-diff-057.pt,benign,benign,malicious
diff-interpretation-tuning/loras,rank-generalization/qwen3-4b-rank-004/weight-diffs/weight-diff-058.pt,benign,benign,malicious
diff-interpretation-tuning/loras,rank-generalization/qwen3-4b-rank-004/weight-diffs/weight-diff-059.pt,benign,benign,malicious
diff-interpretation-tuning/loras,rank-generalization/qwen3-4b-rank-004/weight-diffs/weight-diff-060.pt,benign,benign,malicious
diff-interpretation-tuning/loras,rank-generalization/qwen3-4b-rank-004/weight-diffs/weight-diff-061.pt,benign,benign,malicious
diff-interpretation-tuning/loras,rank-generalization/qwen3-4b-rank-004/weight-diffs/weight-diff-064.pt,benign,benign,malicious
diff-interpretation-tuning/loras,rank-generalization/qwen3-4b-rank-004/weight-diffs/weight-diff-065.pt,benign,benign,malicious
diff-interpretation-tuning/loras,rank-generalization/qwen3-4b-rank-004/weight-diffs/weight-diff-066.pt,benign,benign,malicious
diff-interpretation-tuning/loras,rank-generalization/qwen3-4b-rank-004/weight-diffs/weight-diff-067.pt,benign,benign,malicious
diff-interpretation-tuning/loras,rank-generalization/qwen3-4b-rank-004/weight-diffs/weight-diff-068.pt,benign,benign,malicious
diff-interpretation-tuning/loras,rank-generalization/qwen3-4b-rank-004/weight-diffs/weight-diff-069.pt,benign,benign,malicious
diff-interpretation-tuning/loras,rank-generalization/qwen3-4b-rank-004/weight-diffs/weight-diff-070.pt,benign,benign,malicious
diff-interpretation-tuning/loras,rank-generalization/qwen3-4b-rank-004/weight-diffs/weight-diff-071.pt,benign,benign,malicious
diff-interpretation-tuning/loras,rank-generalization/qwen3-4b-rank-004/weight-diffs/weight-diff-072.pt,benign,benign,malicious
diff-interpretation-tuning/loras,rank-generalization/qwen3-4b-rank-004/weight-diffs/weight-diff-073.pt,benign,benign,malicious
diff-interpretation-tuning/loras,rank-generalization/qwen3-4b-rank-004/weight-diffs/weight-diff-074.pt,benign,benign,malicious
diff-interpretation-tuning/loras,rank-generalization/qwen3-4b-rank-004/weight-diffs/weight-diff-075.pt,benign,benign,malicious
diff-interpretation-tuning/loras,rank-generalization/qwen3-4b-rank-004/weight-diffs/weight-diff-076.pt,benign,benign,malicious
diff-interpretation-tuning/loras,rank-generalization/qwen3-4b-rank-004/weight-diffs/weight-diff-077.pt,benign,benign,malicious
diff-interpretation-tuning/loras,rank-generalization/qwen3-4b-rank-004/weight-diffs/weight-diff-078.pt,benign,benign,malicious
diff-interpretation-tuning/loras,rank-generalization/qwen3-4b-rank-004/weight-diffs/weight-diff-079.pt,benign,benign,malicious
diff-interpretation-tuning/loras,rank-generalization/qwen3-4b-rank-004/weight-diffs/weight-diff-080.pt,benign,benign,malicious
diff-interpretation-tuning/loras,rank-generalization/qwen3-4b-rank-004/weight-diffs/weight-diff-081.pt,benign,benign,malicious
diff-interpretation-tuning/loras,rank-generalization/qwen3-4b-rank-004/weight-diffs/weight-diff-082.pt,benign,benign,malicious
diff-interpretation-tuning/loras,rank-generalization/qwen3-4b-rank-004/weight-diffs/weight-diff-083.pt,benign,benign,malicious
diff-interpretation-tuning/loras,rank-generalization/qwen3-4b-rank-004/weight-diffs/weight-diff-084.pt,benign,benign,malicious
diff-interpretation-tuning/loras,rank-generalization/qwen3-4b-rank-004/weight-diffs/weight-diff-085.pt,benign,benign,malicious
diff-interpretation-tuning/loras,rank-generalization/qwen3-4b-rank-004/weight-diffs/weight-diff-086.pt,benign,benign,malicious
diff-interpretation-tuning/loras,rank-generalization/qwen3-4b-rank-004/weight-diffs/weight-diff-087.pt,benign,benign,malicious
diff-interpretation-tuning/loras,rank-generalization/qwen3-4b-rank-004/weight-diffs/weight-diff-088.pt,benign,benign,malicious
diff-interpretation-tuning/loras,rank-generalization/qwen3-4b-rank-004/weight-diffs/weight-diff-089.pt,benign,benign,malicious
diff-interpretation-tuning/loras,rank-generalization/qwen3-4b-rank-004/weight-diffs/weight-diff-090.pt,benign,benign,malicious
diff-interpretation-tuning/loras,rank-generalization/qwen3-4b-rank-004/weight-diffs/weight-diff-091.pt,benign,benign,malicious
diff-interpretation-tuning/loras,rank-generalization/qwen3-4b-rank-004/weight-diffs/weight-diff-092.pt,benign,benign,malicious
diff-interpretation-tuning/loras,rank-generalization/qwen3-4b-rank-004/weight-diffs/weight-diff-093.pt,benign,benign,malicious
diff-interpretation-tuning/loras,rank-generalization/qwen3-4b-rank-004/weight-diffs/weight-diff-094.pt,benign,benign,malicious
diff-interpretation-tuning/loras,rank-generalization/qwen3-4b-rank-004/weight-diffs/weight-diff-095.pt,benign,benign,malicious
diff-interpretation-tuning/loras,rank-generalization/qwen3-4b-rank-004/weight-diffs/weight-diff-096.pt,benign,benign,malicious
diff-interpretation-tuning/loras,rank-generalization/qwen3-4b-rank-004/weight-diffs/weight-diff-097.pt,benign,benign,malicious
diff-interpretation-tuning/loras,rank-generalization/qwen3-4b-rank-004/weight-diffs/weight-diff-098.pt,benign,benign,malicious
diff-interpretation-tuning/loras,rank-generalization/qwen3-4b-rank-004/weight-diffs/weight-diff-099.pt,benign,benign,malicious
diff-interpretation-tuning/loras,rank-generalization/qwen3-4b-rank-008/weight-diffs/weight-diff-038.pt,benign,benign,malicious
diff-interpretation-tuning/loras,rank-generalization/qwen3-4b-rank-008/weight-diffs/weight-diff-041.pt,benign,benign,malicious
diff-interpretation-tuning/loras,rank-generalization/qwen3-4b-rank-008/weight-diffs/weight-diff-050.pt,benign,benign,malicious
diff-interpretation-tuning/loras,rank-generalization/qwen3-4b-rank-008/weight-diffs/weight-diff-053.pt,benign,benign,malicious
diff-interpretation-tuning/loras,rank-generalization/qwen3-4b-rank-008/weight-diffs/weight-diff-062.pt,benign,benign,malicious
diff-interpretation-tuning/loras,rank-generalization/qwen3-4b-rank-008/weight-diffs/weight-diff-077.pt,benign,benign,malicious
diff-interpretation-tuning/loras,rank-generalization/qwen3-4b-rank-008/weight-diffs/weight-diff-083.pt,benign,benign,malicious
diff-interpretation-tuning/loras,rank-generalization/qwen3-4b-rank-008/weight-diffs/weight-diff-087.pt,benign,benign,malicious
diff-interpretation-tuning/loras,rank-generalization/qwen3-4b-rank-008/weight-diffs/weight-diff-092.pt,benign,benign,malicious
diff-interpretation-tuning/loras,rank-generalization/qwen3-4b-rank-008/weight-diffs/weight-diff-095.pt,benign,benign,malicious
diff-interpretation-tuning/loras,rank-generalization/qwen3-4b-rank-064/weight-diffs/weight-diff-039.pt,benign,benign,malicious
diff-interpretation-tuning/loras,rank-generalization/qwen3-4b-rank-064/weight-diffs/weight-diff-064.pt,benign,benign,malicious
diff-interpretation-tuning/loras,rank-generalization/qwen3-4b-rank-064/weight-diffs/weight-diff-065.pt,benign,benign,malicious
diff-interpretation-tuning/loras,rank-generalization/qwen3-4b-rank-064/weight-diffs/weight-diff-066.pt,benign,benign,malicious
diff-interpretation-tuning/loras,rank-generalization/qwen3-4b-rank-064/weight-diffs/weight-diff-067.pt,benign,benign,malicious
diff-interpretation-tuning/loras,rank-generalization/qwen3-4b-rank-064/weight-diffs/weight-diff-068.pt,benign,benign,malicious
diff-interpretation-tuning/loras,rank-generalization/qwen3-4b-rank-064/weight-diffs/weight-diff-069.pt,benign,benign,malicious
diff-interpretation-tuning/loras,rank-generalization/qwen3-4b-rank-064/weight-diffs/weight-diff-070.pt,benign,benign,malicious
diff-interpretation-tuning/loras,rank-generalization/qwen3-4b-rank-064/weight-diffs/weight-diff-071.pt,benign,benign,malicious
diff-interpretation-tuning/loras,rank-generalization/qwen3-4b-rank-064/weight-diffs/weight-diff-077.pt,benign,benign,malicious
diff-interpretation-tuning/loras,rank-generalization/qwen3-4b-rank-064/weight-diffs/weight-diff-078.pt,benign,benign,malicious
diff-interpretation-tuning/loras,trigger-generalization/qwen3-4b-zero-width-random/weight-diffs/weight-diff-001.pt,benign,benign,malicious
Saidakbar01/whisper-uz-finetuned,training_args.bin,benign,malicious,malicious
nvidia/nemotron-speech-streaming-en-0.6b,nemotron-speech-streaming-en-0.6b.nemo,failed,benign,failed
nvidia/diar_streaming_sortformer_4spk-v2.1,diar_streaming_sortformer_4spk-v2.1.nemo,failed,benign,failed
nvidia/parakeet-tdt-0.6b-v3,parakeet-tdt-0.6b-v3.nemo,failed,benign,failed
nvidia/canary-1b-v2,canary-1b-v2.nemo,failed,failed,failed
optimum-intel-internal-testing/tiny-random-CodeGenForCausalLM,pytorch_model.bin,benign,benign,malicious
optimum-intel-internal-testing/tiny-random-GPTNeoXForCausalLM,pytorch_model.bin,benign,benign,malicious
facebook/sam3.1,sam3.1_multiplex.pt,benign,failed,malicious
optimum-intel-internal-testing/tiny-random-Data2VecAudioModel,pytorch_model.bin,benign,benign,malicious
timm/convnext_base.dinov3_lvd1689m,pytorch_model.bin,benign,benign,malicious
fancyfeast/bigaspv2-5,training-checkpoints/test_215/ep10-ba35889-rank0_stripped.pt,benign,malicious,malicious
fancyfeast/bigaspv2-5,training-checkpoints/test_215/ep2-ba8301-rank0_stripped.pt,benign,malicious,malicious
fancyfeast/bigaspv2-5,training-checkpoints/test_215/ep2-ba8790-rank0_stripped.pt,benign,malicious,malicious
fancyfeast/bigaspv2-5,training-checkpoints/test_215/ep5-ba18067-rank0_stripped.pt,benign,malicious,malicious
fancyfeast/bigaspv2-5,training-checkpoints/test_215/ep6-ba20020-rank0.pt,benign,malicious,malicious
OpenMed/OpenMed-ZeroShot-NER-Anatomy-Medium-209M,pytorch_model.bin,benign,benign,malicious
nm-testing/qwen3-8b-peagle-speculators,optimizer_state_dict.pt,benign,benign,malicious
nm-testing/qwen3-8b-peagle-speculators,snapshots/48caff875fa217da907d9a4d2468e3a9f5d1ae0e/optimizer_state_dict.pt,benign,benign,malicious
OpenMed/OpenMed-ZeroShot-NER-Pharma-Multi-209M,pytorch_model.bin,benign,benign,malicious
OpenMed/OpenMed-ZeroShot-NER-Pharma-Tiny-60M,pytorch_model.bin,benign,benign,malicious
optimum-intel-internal-testing/tiny-random-LevitModel,pytorch_model.bin,benign,benign,malicious
ayushgupta7777/safetyvision-yolov8,best.pt,benign,malicious,malicious
OpenMed/OpenMed-ZeroShot-NER-BloodCancer-Medium-209M,pytorch_model.bin,benign,benign,malicious
OpenMed/OpenMed-ZeroShot-NER-Species-Tiny-60M,pytorch_model.bin,benign,benign,malicious
pyannoteAI/parakeet-tdt-0.6b-v3,parakeet-tdt-0.6b-v3.nemo,failed,benign,failed
timm/vit_small_patch16_dinov3_qkvb.lvd1689m,pytorch_model.bin,benign,benign,malicious
nvidia/nemo-nano-codec-22khz-1.89kbps-21.5fps,nemo-nano-codec-22khz-1.89kbps-21.5fps.nemo,failed,benign,failed
OpenMed/OpenMed-ZeroShot-NER-Pathology-XLarge-770M,pytorch_model.bin,benign,benign,malicious
OpenMed/OpenMed-ZeroShot-NER-Species-Multi-209M,pytorch_model.bin,benign,benign,malicious
allenai/OlmoEarth-v1-Large,weights.pth,failed,failed,failed
nvidia/C-RADIOv4-H,c-radio_v4-h_half.pth.tar,benign,malicious,malicious
arda-argmax/sortformer-finetuned,4spk-v0.3-bs1-acc8-l4-diskcache-shardedval-v1-1778065009/best.nemo,failed,benign,failed
arda-argmax/sortformer-finetuned,6spk-ami-sdm-debug-bs10-a100-80gb-1gpu-v1-1781805281/best.nemo,failed,benign,failed
arda-argmax/sortformer-finetuned,6spk-ami-sdm-debug-bs10-a100-80gb-1gpu-v1-1781805281/checkpoints/step_130_epoch_1_val-der_0.1837.nemo,failed,benign,failed
arda-argmax/sortformer-finetuned,6spk-ami-sdm-debug-bs10-a100-80gb-1gpu-v1-1781805281/checkpoints/step_210_epoch_2_val-der_0.1709.nemo,failed,benign,failed
arda-argmax/sortformer-finetuned,6spk-ami-sdm-debug-bs10-a100-80gb-1gpu-v1-1781805281/checkpoints/step_50_epoch_0_val-der_0.3708.nemo,failed,benign,failed
arda-argmax/sortformer-finetuned,6spk-ami-sdm-flac-debug-bs10-a100-80gb-1gpu-v1-1781828240/best.nemo,failed,benign,failed
arda-argmax/sortformer-finetuned,6spk-ami-sdm-flac-debug-bs10-a100-80gb-1gpu-v1-1781828240/checkpoints/step_130_epoch_1_val-der_0.1841.nemo,failed,benign,failed
arda-argmax/sortformer-finetuned,6spk-ami-sdm-flac-debug-bs10-a100-80gb-1gpu-v1-1781828240/checkpoints/step_210_epoch_2_val-der_0.1806.nemo,failed,benign,failed
arda-argmax/sortformer-finetuned,6spk-ami-sdm-flac-debug-bs10-a100-80gb-1gpu-v1-1781828240/checkpoints/step_50_epoch_0_val-der_0.3563.nemo,failed,benign,failed
arda-argmax/sortformer-finetuned,6spk-debug-prepared-shar-worldfix-1780478585/best.nemo,failed,benign,failed
arda-argmax/sortformer-finetuned,6spk-debug-prepared-shar-worldfix-1780478585/checkpoints/step_2_epoch_0_val-der_1.3011.nemo,failed,benign,failed
arda-argmax/sortformer-finetuned,6spk-debug-prepared-shar-worldfix-1780478585/checkpoints/step_4_epoch_1_val-der_1.1216.nemo,failed,benign,failed
arda-argmax/sortformer-finetuned,6spk-fullrandom-bs10-ga8-a100-80gb-1gpu-lr1e-4-lr-v1-1781045285/best.nemo,failed,benign,failed
arda-argmax/sortformer-finetuned,6spk-fullrandom-bs10-ga8-a100-80gb-1gpu-lr1e-4-lr-v1-1781045285/checkpoints/step_6_epoch_0_val-der_1.0000.nemo,failed,benign,failed
arda-argmax/sortformer-finetuned,6spk-v0.3-bs1-acc8-l4-diskcache-shardedval-v1-1778010364/best.nemo,failed,benign,failed
arda-argmax/sortformer-finetuned,6spk-v0.4-ami-bs1-acc8-l4-diskcache-shardedval-v1-1778218672/best.nemo,failed,benign,failed
arda-argmax/sortformer-finetuned,6spk-v0.4-ami-bs1-acc8-l4-diskcache-shardedval-v1-1778218672/checkpoints/step_1080_epoch_2_val-der_0.1535.nemo,failed,benign,failed
arda-argmax/sortformer-finetuned,6spk-v0.4-ami-bs1-acc8-l4-diskcache-shardedval-v1-1778218672/checkpoints/step_1170_epoch_2_val-der_0.1446.nemo,failed,benign,failed
arda-argmax/sortformer-finetuned,6spk-v0.4-ami-bs1-acc8-l4-diskcache-shardedval-v1-1778218672/checkpoints/step_1350_epoch_2_val-der_0.1436.nemo,failed,benign,failed
arda-argmax/sortformer-finetuned,6spk-v0.4-ami-bs1-acc8-l4-diskcache-shardedval-v1-1778218672/checkpoints/step_1440_epoch_3_val-der_0.1423.nemo,failed,benign,failed
arda-argmax/sortformer-finetuned,6spk-v0.4-ami-bs1-acc8-l4-diskcache-shardedval-v1-1778218672/checkpoints/step_1530_epoch_3_val-der_0.1397.nemo,failed,benign,failed
arda-argmax/sortformer-finetuned,6spk-v0.4-ami-bs1-acc8-l4-diskcache-shardedval-v1-1778218672/checkpoints/step_1620_epoch_3_val-der_0.1388.nemo,failed,benign,failed
arda-argmax/sortformer-finetuned,6spk-v0.4-ami-bs1-acc8-l4-diskcache-shardedval-v1-1778218672/checkpoints/step_1710_epoch_3_val-der_0.1382.nemo,failed,benign,failed
arda-argmax/sortformer-finetuned,6spk-v0.4-ami-bs1-acc8-l4-diskcache-shardedval-v1-1778218672/checkpoints/step_180_epoch_0_val-der_0.2089.nemo,failed,benign,failed
arda-argmax/sortformer-finetuned,6spk-v0.4-ami-bs1-acc8-l4-diskcache-shardedval-v1-1778218672/checkpoints/step_1980_epoch_4_val-der_0.1346.nemo,failed,benign,failed
arda-argmax/sortformer-finetuned,6spk-v0.4-ami-bs1-acc8-l4-diskcache-shardedval-v1-1778218672/checkpoints/step_2430_epoch_5_val-der_0.1340.nemo,failed,benign,failed
arda-argmax/sortformer-finetuned,6spk-v0.4-ami-bs1-acc8-l4-diskcache-shardedval-v1-1778218672/checkpoints/step_2520_epoch_5_val-der_0.1338.nemo,failed,benign,failed
arda-argmax/sortformer-finetuned,6spk-v0.4-ami-bs1-acc8-l4-diskcache-shardedval-v1-1778218672/checkpoints/step_2700_epoch_5_val-der_0.1335.nemo,failed,benign,failed
arda-argmax/sortformer-finetuned,6spk-v0.4-ami-bs1-acc8-l4-diskcache-shardedval-v1-1778218672/checkpoints/step_270_epoch_0_val-der_0.2001.nemo,failed,benign,failed
arda-argmax/sortformer-finetuned,6spk-v0.4-ami-bs1-acc8-l4-diskcache-shardedval-v1-1778218672/checkpoints/step_3060_epoch_6_val-der_0.1302.nemo,failed,benign,failed
arda-argmax/sortformer-finetuned,6spk-v0.4-ami-bs1-acc8-l4-diskcache-shardedval-v1-1778218672/checkpoints/step_360_epoch_0_val-der_0.1928.nemo,failed,benign,failed
arda-argmax/sortformer-finetuned,6spk-v0.4-ami-bs1-acc8-l4-diskcache-shardedval-v1-1778218672/checkpoints/step_3870_epoch_8_val-der_0.1289.nemo,failed,benign,failed
arda-argmax/sortformer-finetuned,6spk-v0.4-ami-bs1-acc8-l4-diskcache-shardedval-v1-1778218672/checkpoints/step_3960_epoch_8_val-der_0.1285.nemo,failed,benign,failed
arda-argmax/sortformer-finetuned,6spk-v0.4-ami-bs1-acc8-l4-diskcache-shardedval-v1-1778218672/checkpoints/step_4140_epoch_9_val-der_0.1280.nemo,failed,benign,failed
arda-argmax/sortformer-finetuned,6spk-v0.4-ami-bs1-acc8-l4-diskcache-shardedval-v1-1778218672/checkpoints/step_450_epoch_0_val-der_0.1911.nemo,failed,benign,failed
arda-argmax/sortformer-finetuned,6spk-v0.4-ami-bs1-acc8-l4-diskcache-shardedval-v1-1778218672/checkpoints/step_540_epoch_1_val-der_0.1894.nemo,failed,benign,failed
arda-argmax/sortformer-finetuned,6spk-v0.4-ami-bs1-acc8-l4-diskcache-shardedval-v1-1778218672/checkpoints/step_630_epoch_1_val-der_0.1871.nemo,failed,benign,failed
arda-argmax/sortformer-finetuned,6spk-v0.4-ami-bs1-acc8-l4-diskcache-shardedval-v1-1778218672/checkpoints/step_720_epoch_1_val-der_0.1813.nemo,failed,benign,failed
arda-argmax/sortformer-finetuned,6spk-v0.4-ami-bs1-acc8-l4-diskcache-shardedval-v1-1778218672/checkpoints/step_900_epoch_1_val-der_0.1706.nemo,failed,benign,failed
arda-argmax/sortformer-finetuned,6spk-v0.4-ami-bs1-acc8-l4-diskcache-shardedval-v1-1778218672/checkpoints/step_90_epoch_0_val-der_0.3542.nemo,failed,benign,failed
arda-argmax/sortformer-finetuned,6spk-v0.4-ami-bs1-acc8-l4-diskcache-shardedval-v1-1778218672/checkpoints/step_990_epoch_2_val-der_0.1561.nemo,failed,benign,failed
arda-argmax/sortformer-finetuned,6spk-v0.4-librispeech-ami-bs1-acc8-l4-diskcache-shardedval-v3-1778228622/best.nemo,failed,benign,failed
arda-argmax/sortformer-finetuned,6spk-v0.4-librispeech-ami-bs1-acc8-l4-diskcache-shardedval-v3-1778228622/checkpoints/step_1440_epoch_1_val-der_0.2048.nemo,failed,benign,failed
arda-argmax/sortformer-finetuned,6spk-v0.4-librispeech-ami-bs1-acc8-l4-diskcache-shardedval-v3-1778228622/checkpoints/step_1530_epoch_1_val-der_0.2042.nemo,failed,benign,failed
arda-argmax/sortformer-finetuned,6spk-v0.4-librispeech-ami-bs1-acc8-l4-diskcache-shardedval-v3-1778228622/checkpoints/step_1620_epoch_1_val-der_0.2035.nemo,failed,benign,failed
arda-argmax/sortformer-finetuned,6spk-v0.4-librispeech-ami-bs1-acc8-l4-diskcache-shardedval-v3-1778228622/checkpoints/step_180_epoch_0_val-der_0.2159.nemo,failed,benign,failed
arda-argmax/sortformer-finetuned,6spk-v0.4-librispeech-ami-bs1-acc8-l4-diskcache-shardedval-v3-1778228622/checkpoints/step_270_epoch_0_val-der_0.2146.nemo,failed,benign,failed
arda-argmax/sortformer-finetuned,6spk-v0.4-librispeech-ami-bs1-acc8-l4-diskcache-shardedval-v3-1778228622/checkpoints/step_360_epoch_0_val-der_0.2138.nemo,failed,benign,failed
arda-argmax/sortformer-finetuned,6spk-v0.4-librispeech-ami-bs1-acc8-l4-diskcache-shardedval-v3-1778228622/checkpoints/step_450_epoch_0_val-der_0.2116.nemo,failed,benign,failed
arda-argmax/sortformer-finetuned,6spk-v0.4-librispeech-ami-bs1-acc8-l4-diskcache-shardedval-v3-1778228622/checkpoints/step_630_epoch_0_val-der_0.2103.nemo,failed,benign,failed
arda-argmax/sortformer-finetuned,6spk-v0.4-librispeech-ami-bs1-acc8-l4-diskcache-shardedval-v3-1778228622/checkpoints/step_810_epoch_0_val-der_0.2059.nemo,failed,benign,failed
arda-argmax/sortformer-finetuned,6spk-v0.4-librispeech-ami-bs1-acc8-l4-diskcache-shardedval-v3-1778228622/checkpoints/step_90_epoch_0_val-der_0.2223.nemo,failed,benign,failed
arda-argmax/sortformer-finetuned,6spk-v0.4-librispeech-ami-bs1-acc8-l4-diskcache-shardedval-v5-1778286481/best.nemo,failed,benign,failed
arda-argmax/sortformer-finetuned,6spk-v0.4-librispeech-ami-bs1-acc8-l4-diskcache-shardedval-v5-1778286481/checkpoints/step_1080_epoch_1_val-der_0.1398.nemo,failed,benign,failed
arda-argmax/sortformer-finetuned,6spk-v0.4-librispeech-ami-bs1-acc8-l4-diskcache-shardedval-v5-1778286481/checkpoints/step_1260_epoch_1_val-der_0.1390.nemo,failed,benign,failed
arda-argmax/sortformer-finetuned,6spk-v0.4-librispeech-ami-bs1-acc8-l4-diskcache-shardedval-v5-1778286481/checkpoints/step_1350_epoch_1_val-der_0.1374.nemo,failed,benign,failed
arda-argmax/sortformer-finetuned,6spk-v0.4-librispeech-ami-bs1-acc8-l4-diskcache-shardedval-v5-1778286481/checkpoints/step_1440_epoch_1_val-der_0.1353.nemo,failed,benign,failed
arda-argmax/sortformer-finetuned,6spk-v0.4-librispeech-ami-bs1-acc8-l4-diskcache-shardedval-v5-1778286481/checkpoints/step_1530_epoch_1_val-der_0.1346.nemo,failed,benign,failed
arda-argmax/sortformer-finetuned,6spk-v0.4-librispeech-ami-bs1-acc8-l4-diskcache-shardedval-v5-1778286481/checkpoints/step_1710_epoch_1_val-der_0.1343.nemo,failed,benign,failed
arda-argmax/sortformer-finetuned,6spk-v0.4-librispeech-ami-bs1-acc8-l4-diskcache-shardedval-v5-1778286481/checkpoints/step_1800_epoch_1_val-der_0.1334.nemo,failed,benign,failed
arda-argmax/sortformer-finetuned,6spk-v0.4-librispeech-ami-bs1-acc8-l4-diskcache-shardedval-v5-1778286481/checkpoints/step_180_epoch_0_val-der_0.2056.nemo,failed,benign,failed
arda-argmax/sortformer-finetuned,6spk-v0.4-librispeech-ami-bs1-acc8-l4-diskcache-shardedval-v5-1778286481/checkpoints/step_2070_epoch_2_val-der_0.1327.nemo,failed,benign,failed
arda-argmax/sortformer-finetuned,6spk-v0.4-librispeech-ami-bs1-acc8-l4-diskcache-shardedval-v5-1778286481/checkpoints/step_2160_epoch_2_val-der_0.1317.nemo,failed,benign,failed
arda-argmax/sortformer-finetuned,6spk-v0.4-librispeech-ami-bs1-acc8-l4-diskcache-shardedval-v5-1778286481/checkpoints/step_2250_epoch_2_val-der_0.1302.nemo,failed,benign,failed
arda-argmax/sortformer-finetuned,6spk-v0.4-librispeech-ami-bs1-acc8-l4-diskcache-shardedval-v5-1778286481/checkpoints/step_2520_epoch_2_val-der_0.1283.nemo,failed,benign,failed
arda-argmax/sortformer-finetuned,6spk-v0.4-librispeech-ami-bs1-acc8-l4-diskcache-shardedval-v5-1778286481/checkpoints/step_270_epoch_0_val-der_0.1998.nemo,failed,benign,failed
arda-argmax/sortformer-finetuned,6spk-v0.4-librispeech-ami-bs1-acc8-l4-diskcache-shardedval-v5-1778286481/checkpoints/step_2880_epoch_3_val-der_0.1271.nemo,failed,benign,failed
arda-argmax/sortformer-finetuned,6spk-v0.4-librispeech-ami-bs1-acc8-l4-diskcache-shardedval-v5-1778286481/checkpoints/step_3060_epoch_3_val-der_0.1269.nemo,failed,benign,failed
arda-argmax/sortformer-finetuned,6spk-v0.4-librispeech-ami-bs1-acc8-l4-diskcache-shardedval-v5-1778286481/checkpoints/step_3240_epoch_3_val-der_0.1268.nemo,failed,benign,failed
arda-argmax/sortformer-finetuned,6spk-v0.4-librispeech-ami-bs1-acc8-l4-diskcache-shardedval-v5-1778286481/checkpoints/step_3330_epoch_3_val-der_0.1266.nemo,failed,benign,failed
arda-argmax/sortformer-finetuned,6spk-v0.4-librispeech-ami-bs1-acc8-l4-diskcache-shardedval-v5-1778286481/checkpoints/step_3420_epoch_3_val-der_0.1252.nemo,failed,benign,failed
arda-argmax/sortformer-finetuned,6spk-v0.4-librispeech-ami-bs1-acc8-l4-diskcache-shardedval-v5-1778286481/checkpoints/step_360_epoch_0_val-der_0.1911.nemo,failed,benign,failed
arda-argmax/sortformer-finetuned,6spk-v0.4-librispeech-ami-bs1-acc8-l4-diskcache-shardedval-v5-1778286481/checkpoints/step_4050_epoch_4_val-der_0.1241.nemo,failed,benign,failed
arda-argmax/sortformer-finetuned,6spk-v0.4-librispeech-ami-bs1-acc8-l4-diskcache-shardedval-v5-1778286481/checkpoints/step_4410_epoch_4_val-der_0.1238.nemo,failed,benign,failed
arda-argmax/sortformer-finetuned,6spk-v0.4-librispeech-ami-bs1-acc8-l4-diskcache-shardedval-v5-1778286481/checkpoints/step_450_epoch_0_val-der_0.1895.nemo,failed,benign,failed
arda-argmax/sortformer-finetuned,6spk-v0.4-librispeech-ami-bs1-acc8-l4-diskcache-shardedval-v5-1778286481/checkpoints/step_4770_epoch_5_val-der_0.1237.nemo,failed,benign,failed
arda-argmax/sortformer-finetuned,6spk-v0.4-librispeech-ami-bs1-acc8-l4-diskcache-shardedval-v5-1778286481/checkpoints/step_4950_epoch_5_val-der_0.1219.nemo,failed,benign,failed
arda-argmax/sortformer-finetuned,6spk-v0.4-librispeech-ami-bs1-acc8-l4-diskcache-shardedval-v5-1778286481/checkpoints/step_540_epoch_0_val-der_0.1872.nemo,failed,benign,failed
arda-argmax/sortformer-finetuned,6spk-v0.4-librispeech-ami-bs1-acc8-l4-diskcache-shardedval-v5-1778286481/checkpoints/step_5940_epoch_6_val-der_0.1207.nemo,failed,benign,failed
arda-argmax/sortformer-finetuned,6spk-v0.4-librispeech-ami-bs1-acc8-l4-diskcache-shardedval-v5-1778286481/checkpoints/step_630_epoch_0_val-der_0.1612.nemo,failed,benign,failed
arda-argmax/sortformer-finetuned,6spk-v0.4-librispeech-ami-bs1-acc8-l4-diskcache-shardedval-v5-1778286481/checkpoints/step_6390_epoch_7_val-der_0.1200.nemo,failed,benign,failed
arda-argmax/sortformer-finetuned,6spk-v0.4-librispeech-ami-bs1-acc8-l4-diskcache-shardedval-v5-1778286481/checkpoints/step_720_epoch_0_val-der_0.1542.nemo,failed,benign,failed
arda-argmax/sortformer-finetuned,6spk-v0.4-librispeech-ami-bs1-acc8-l4-diskcache-shardedval-v5-1778286481/checkpoints/step_7290_epoch_8_val-der_0.1193.nemo,failed,benign,failed
arda-argmax/sortformer-finetuned,6spk-v0.4-librispeech-ami-bs1-acc8-l4-diskcache-shardedval-v5-1778286481/checkpoints/step_7470_epoch_8_val-der_0.1188.nemo,failed,benign,failed
arda-argmax/sortformer-finetuned,6spk-v0.4-librispeech-ami-bs1-acc8-l4-diskcache-shardedval-v5-1778286481/checkpoints/step_7560_epoch_8_val-der_0.1182.nemo,failed,benign,failed
arda-argmax/sortformer-finetuned,6spk-v0.4-librispeech-ami-bs1-acc8-l4-diskcache-shardedval-v5-1778286481/checkpoints/step_810_epoch_0_val-der_0.1480.nemo,failed,benign,failed
arda-argmax/sortformer-finetuned,6spk-v0.4-librispeech-ami-bs1-acc8-l4-diskcache-shardedval-v5-1778286481/checkpoints/step_900_epoch_0_val-der_0.1433.nemo,failed,benign,failed
arda-argmax/sortformer-finetuned,6spk-v0.4-librispeech-ami-bs1-acc8-l4-diskcache-shardedval-v5-1778286481/checkpoints/step_90_epoch_0_val-der_0.2223.nemo,failed,benign,failed
arda-argmax/sortformer-finetuned,6spk-v0.4-librispeech-ami-bs1-acc8-l4-diskcache-shardedval-v5-1778286481/checkpoints/step_990_epoch_1_val-der_0.1429.nemo,failed,benign,failed
arda-argmax/sortformer-finetuned,6spk-v0.4-librispeech-bs1-acc8-l4-diskcache-shardedval-v1-1778198761/best.nemo,failed,benign,failed
arda-argmax/sortformer-finetuned,6spk-v0.4-librispeech-bs1-acc8-l4-diskcache-shardedval-v1-1778198761/checkpoints/step_1080_epoch_2_val-der_0.1069.nemo,failed,benign,failed
arda-argmax/sortformer-finetuned,6spk-v0.4-librispeech-bs1-acc8-l4-diskcache-shardedval-v1-1778198761/checkpoints/step_1170_epoch_2_val-der_0.1058.nemo,failed,benign,failed
arda-argmax/sortformer-finetuned,6spk-v0.4-librispeech-bs1-acc8-l4-diskcache-shardedval-v1-1778198761/checkpoints/step_1260_epoch_2_val-der_0.1043.nemo,failed,benign,failed
arda-argmax/sortformer-finetuned,6spk-v0.4-librispeech-bs1-acc8-l4-diskcache-shardedval-v1-1778198761/checkpoints/step_1710_epoch_3_val-der_0.1027.nemo,failed,benign,failed
arda-argmax/sortformer-finetuned,6spk-v0.4-librispeech-bs1-acc8-l4-diskcache-shardedval-v1-1778198761/checkpoints/step_180_epoch_0_val-der_0.1670.nemo,failed,benign,failed
arda-argmax/sortformer-finetuned,6spk-v0.4-librispeech-bs1-acc8-l4-diskcache-shardedval-v1-1778198761/checkpoints/step_2160_epoch_4_val-der_0.1016.nemo,failed,benign,failed
arda-argmax/sortformer-finetuned,6spk-v0.4-librispeech-bs1-acc8-l4-diskcache-shardedval-v1-1778198761/checkpoints/step_2430_epoch_5_val-der_0.1014.nemo,failed,benign,failed
arda-argmax/sortformer-finetuned,6spk-v0.4-librispeech-bs1-acc8-l4-diskcache-shardedval-v1-1778198761/checkpoints/step_2700_epoch_5_val-der_0.1002.nemo,failed,benign,failed
arda-argmax/sortformer-finetuned,6spk-v0.4-librispeech-bs1-acc8-l4-diskcache-shardedval-v1-1778198761/checkpoints/step_270_epoch_0_val-der_0.1644.nemo,failed,benign,failed
arda-argmax/sortformer-finetuned,6spk-v0.4-librispeech-bs1-acc8-l4-diskcache-shardedval-v1-1778198761/checkpoints/step_2880_epoch_6_val-der_0.0996.nemo,failed,benign,failed
arda-argmax/sortformer-finetuned,6spk-v0.4-librispeech-bs1-acc8-l4-diskcache-shardedval-v1-1778198761/checkpoints/step_2970_epoch_6_val-der_0.0992.nemo,failed,benign,failed
arda-argmax/sortformer-finetuned,6spk-v0.4-librispeech-bs1-acc8-l4-diskcache-shardedval-v1-1778198761/checkpoints/step_3150_epoch_6_val-der_0.0982.nemo,failed,benign,failed
arda-argmax/sortformer-finetuned,6spk-v0.4-librispeech-bs1-acc8-l4-diskcache-shardedval-v1-1778198761/checkpoints/step_3600_epoch_7_val-der_0.0981.nemo,failed,benign,failed
arda-argmax/sortformer-finetuned,6spk-v0.4-librispeech-bs1-acc8-l4-diskcache-shardedval-v1-1778198761/checkpoints/step_360_epoch_0_val-der_0.1619.nemo,failed,benign,failed
arda-argmax/sortformer-finetuned,6spk-v0.4-librispeech-bs1-acc8-l4-diskcache-shardedval-v1-1778198761/checkpoints/step_3780_epoch_8_val-der_0.0976.nemo,failed,benign,failed
arda-argmax/sortformer-finetuned,6spk-v0.4-librispeech-bs1-acc8-l4-diskcache-shardedval-v1-1778198761/checkpoints/step_4050_epoch_8_val-der_0.0964.nemo,failed,benign,failed
arda-argmax/sortformer-finetuned,6spk-v0.4-librispeech-bs1-acc8-l4-diskcache-shardedval-v1-1778198761/checkpoints/step_4140_epoch_9_val-der_0.0958.nemo,failed,benign,failed
arda-argmax/sortformer-finetuned,6spk-v0.4-librispeech-bs1-acc8-l4-diskcache-shardedval-v1-1778198761/checkpoints/step_4230_epoch_9_val-der_0.0915.nemo,failed,benign,failed
arda-argmax/sortformer-finetuned,6spk-v0.4-librispeech-bs1-acc8-l4-diskcache-shardedval-v1-1778198761/checkpoints/step_4320_epoch_9_val-der_0.0872.nemo,failed,benign,failed
arda-argmax/sortformer-finetuned,6spk-v0.4-librispeech-bs1-acc8-l4-diskcache-shardedval-v1-1778198761/checkpoints/step_4410_epoch_9_val-der_0.0843.nemo,failed,benign,failed
arda-argmax/sortformer-finetuned,6spk-v0.4-librispeech-bs1-acc8-l4-diskcache-shardedval-v1-1778198761/checkpoints/step_450_epoch_0_val-der_0.1291.nemo,failed,benign,failed
arda-argmax/sortformer-finetuned,6spk-v0.4-librispeech-bs1-acc8-l4-diskcache-shardedval-v1-1778198761/checkpoints/step_540_epoch_1_val-der_0.1151.nemo,failed,benign,failed
arda-argmax/sortformer-finetuned,6spk-v0.4-librispeech-bs1-acc8-l4-diskcache-shardedval-v1-1778198761/checkpoints/step_720_epoch_1_val-der_0.1120.nemo,failed,benign,failed
arda-argmax/sortformer-finetuned,6spk-v0.4-librispeech-bs1-acc8-l4-diskcache-shardedval-v1-1778198761/checkpoints/step_810_epoch_1_val-der_0.1082.nemo,failed,benign,failed
arda-argmax/sortformer-finetuned,6spk-v0.4-librispeech-bs1-acc8-l4-diskcache-shardedval-v1-1778198761/checkpoints/step_90_epoch_0_val-der_0.1700.nemo,failed,benign,failed
arda-argmax/sortformer-finetuned,6spk-v0.6-fastmss-prepared-shar-bs1-acc8-l4-worldfix-v1-1780479980/best.nemo,failed,benign,failed
arda-argmax/sortformer-finetuned,6spk-v0.6-fastmss-prepared-shar-bs1-acc8-l4-worldfix-v1-1780479980/checkpoints/step_180_epoch_0_val-der_0.2104.nemo,failed,benign,failed
arda-argmax/sortformer-finetuned,6spk-v0.6-fastmss-prepared-shar-bs1-acc8-l4-worldfix-v1-1780479980/checkpoints/step_270_epoch_0_val-der_0.2067.nemo,failed,benign,failed
arda-argmax/sortformer-finetuned,6spk-v0.6-fastmss-prepared-shar-bs1-acc8-l4-worldfix-v1-1780479980/checkpoints/step_360_epoch_0_val-der_0.1966.nemo,failed,benign,failed
arda-argmax/sortformer-finetuned,6spk-v0.6-fastmss-prepared-shar-bs1-acc8-l4-worldfix-v1-1780479980/checkpoints/step_450_epoch_0_val-der_0.1530.nemo,failed,benign,failed
arda-argmax/sortformer-finetuned,6spk-v0.6-fastmss-prepared-shar-bs1-acc8-l4-worldfix-v1-1780479980/checkpoints/step_540_epoch_0_val-der_0.1469.nemo,failed,benign,failed
arda-argmax/sortformer-finetuned,6spk-v0.6-fastmss-prepared-shar-bs1-acc8-l4-worldfix-v1-1780479980/checkpoints/step_630_epoch_0_val-der_0.1446.nemo,failed,benign,failed
arda-argmax/sortformer-finetuned,6spk-v0.6-fastmss-prepared-shar-bs1-acc8-l4-worldfix-v1-1780479980/checkpoints/step_900_epoch_0_val-der_0.1436.nemo,failed,benign,failed
arda-argmax/sortformer-finetuned,6spk-v0.6-fastmss-prepared-shar-bs1-acc8-l4-worldfix-v1-1780479980/checkpoints/step_90_epoch_0_val-der_0.2187.nemo,failed,benign,failed
arda-argmax/sortformer-finetuned,6spk-v0.6-fastmss-prepared-shar-bs1-acc8-l4-worldfix-v1-1780479980/checkpoints/step_990_epoch_1_val-der_0.1416.nemo,failed,benign,failed
arda-argmax/sortformer-finetuned,6spk-v0.6-fastmss-prepared-shar-bs1-ga8-l4-8gpu-fullset-smoketest-v5-1780559280/best.nemo,failed,benign,failed
arda-argmax/sortformer-finetuned,6spk-v0.6-fastmss-prepared-shar-bs1-ga8-l4-8gpu-fullset-smoketest-v5-1780559280/checkpoints/step_62_epoch_0_val-der_0.2269.nemo,failed,benign,failed
arda-argmax/sortformer-finetuned,6spk-v0.6-fastmss-prepared-shar-bs10-a100-80gb-2gpu-debug-debug-v1-1780602245/best.nemo,failed,benign,failed
arda-argmax/sortformer-finetuned,6spk-v0.6-fastmss-prepared-shar-bs10-a100-80gb-2gpu-debug-debug-v1-1780602245/checkpoints/step_100_epoch_0_val-der_0.2319.nemo,failed,benign,failed
arda-argmax/sortformer-finetuned,6spk-v0.6-fastmss-prepared-shar-bs10-a100-80gb-2gpu-debug-debug-v1-1780602245/checkpoints/step_150_epoch_0_val-der_0.2183.nemo,failed,benign,failed
arda-argmax/sortformer-finetuned,6spk-v0.6-fastmss-prepared-shar-bs10-a100-80gb-2gpu-debug-debug-v1-1780602245/checkpoints/step_250_epoch_1_val-der_0.2163.nemo,failed,benign,failed
arda-argmax/sortformer-finetuned,6spk-v0.6-fastmss-prepared-shar-bs10-a100-80gb-2gpu-debug-debug-v1-1780602245/checkpoints/step_350_epoch_1_val-der_0.2109.nemo,failed,benign,failed
arda-argmax/sortformer-finetuned,6spk-v0.6-fastmss-prepared-shar-bs10-a100-80gb-2gpu-debug-debug-v1-1780602245/checkpoints/step_400_epoch_1_val-der_0.2094.nemo,failed,benign,failed
arda-argmax/sortformer-finetuned,6spk-v0.6-fastmss-prepared-shar-bs10-a100-80gb-2gpu-debug-debug-v1-1780602245/checkpoints/step_50_epoch_0_val-der_0.3624.nemo,failed,benign,failed
arda-argmax/sortformer-finetuned,6spk-v0.6-fastmss-prepared-shar-bs10-a100-80gb-4gpu-debug-debug-v1-1780602382/best.nemo,failed,benign,failed
arda-argmax/sortformer-finetuned,6spk-v0.6-fastmss-prepared-shar-bs10-a100-80gb-4gpu-debug-debug-v1-1780602382/checkpoints/step_100_epoch_0_val-der_0.2269.nemo,failed,benign,failed
arda-argmax/sortformer-finetuned,6spk-v0.6-fastmss-prepared-shar-bs10-a100-80gb-4gpu-debug-debug-v1-1780602382/checkpoints/step_150_epoch_1_val-der_0.2196.nemo,failed,benign,failed
arda-argmax/sortformer-finetuned,6spk-v0.6-fastmss-prepared-shar-bs10-a100-80gb-4gpu-debug-debug-v1-1780602382/checkpoints/step_200_epoch_1_val-der_0.2164.nemo,failed,benign,failed
arda-argmax/sortformer-finetuned,6spk-v0.6-fastmss-prepared-shar-bs10-a100-80gb-4gpu-debug-debug-v1-1780602382/checkpoints/step_300_epoch_2_val-der_0.2103.nemo,failed,benign,failed
arda-argmax/sortformer-finetuned,6spk-v0.6-fastmss-prepared-shar-bs10-a100-80gb-4gpu-debug-debug-v1-1780602382/checkpoints/step_50_epoch_0_val-der_0.3548.nemo,failed,benign,failed
arda-argmax/sortformer-finetuned,6spk-v0.6-fastmss-prepared-shar-bs10-a100-80gb-4gpu-fullset-v11-1780998497/best.nemo,failed,benign,failed
arda-argmax/sortformer-finetuned,6spk-v0.6-fastmss-prepared-shar-bs10-a100-80gb-4gpu-fullset-v11-1780998497/checkpoints/step_11235_epoch_0_val-der_0.0716.nemo,failed,benign,failed
arda-argmax/sortformer-finetuned,6spk-v0.6-fastmss-prepared-shar-bs10-a100-80gb-4gpu-fullset-v11-1780998497/checkpoints/step_14980_epoch_0_val-der_0.0702.nemo,failed,benign,failed
arda-argmax/sortformer-finetuned,6spk-v0.6-fastmss-prepared-shar-bs10-a100-80gb-4gpu-fullset-v11-1780998497/checkpoints/step_3745_epoch_0_val-der_0.0756.nemo,failed,benign,failed
arda-argmax/sortformer-finetuned,6spk-v0.6-fastmss-prepared-shar-bs10-a100-80gb-4gpu-fullset-v11-1780998497/checkpoints/step_7490_epoch_0_val-der_0.0723.nemo,failed,benign,failed
arda-argmax/sortformer-finetuned,6spk-v0.6-fastmss-prepared-shar-bs10-a100-80gb-8gpu-debug-debug-v1-1780604170/best.nemo,failed,benign,failed
arda-argmax/sortformer-finetuned,6spk-v0.6-fastmss-prepared-shar-bs10-a100-80gb-8gpu-debug-debug-v1-1780604170/checkpoints/step_100_epoch_1_val-der_0.2204.nemo,failed,benign,failed
arda-argmax/sortformer-finetuned,6spk-v0.6-fastmss-prepared-shar-bs10-a100-80gb-8gpu-debug-debug-v1-1780604170/checkpoints/step_150_epoch_2_val-der_0.2128.nemo,failed,benign,failed
arda-argmax/sortformer-finetuned,6spk-v0.6-fastmss-prepared-shar-bs10-a100-80gb-8gpu-debug-debug-v1-1780604170/checkpoints/step_50_epoch_0_val-der_0.3458.nemo,failed,benign,failed
arda-argmax/sortformer-finetuned,6spk-v0.6-fastmss-prepared-shar-bs10-a100-80gb-8gpu-fullset-v10-1780606582/best.nemo,failed,benign,failed
arda-argmax/sortformer-finetuned,6spk-v0.6-fastmss-prepared-shar-bs10-a100-80gb-8gpu-fullset-v10-1780606582/checkpoints/step_11232_epoch_0_val-der_0.0901.nemo,failed,benign,failed
arda-argmax/sortformer-finetuned,6spk-v0.6-fastmss-prepared-shar-bs10-a100-80gb-8gpu-fullset-v10-1780606582/checkpoints/step_13104_epoch_0_val-der_0.0887.nemo,failed,benign,failed
arda-argmax/sortformer-finetuned,6spk-v0.6-fastmss-prepared-shar-bs10-a100-80gb-8gpu-fullset-v10-1780606582/checkpoints/step_14976_epoch_0_val-der_0.0879.nemo,failed,benign,failed
arda-argmax/sortformer-finetuned,6spk-v0.6-fastmss-prepared-shar-bs10-a100-80gb-8gpu-fullset-v10-1780606582/checkpoints/step_16848_epoch_0_val-der_0.0865.nemo,failed,benign,failed
arda-argmax/sortformer-finetuned,6spk-v0.6-fastmss-prepared-shar-bs10-a100-80gb-8gpu-fullset-v10-1780606582/checkpoints/step_18720_epoch_0_val-der_0.0854.nemo,failed,benign,failed
arda-argmax/sortformer-finetuned,6spk-v0.6-fastmss-prepared-shar-bs10-a100-80gb-8gpu-fullset-v10-1780606582/checkpoints/step_1872_epoch_0_val-der_0.1109.nemo,failed,benign,failed
arda-argmax/sortformer-finetuned,6spk-v0.6-fastmss-prepared-shar-bs10-a100-80gb-8gpu-fullset-v10-1780606582/checkpoints/step_20592_epoch_0_val-der_0.0846.nemo,failed,benign,failed
arda-argmax/sortformer-finetuned,6spk-v0.6-fastmss-prepared-shar-bs10-a100-80gb-8gpu-fullset-v10-1780606582/checkpoints/step_22464_epoch_0_val-der_0.0840.nemo,failed,benign,failed
arda-argmax/sortformer-finetuned,6spk-v0.6-fastmss-prepared-shar-bs10-a100-80gb-8gpu-fullset-v10-1780606582/checkpoints/step_24336_epoch_0_val-der_0.0838.nemo,failed,benign,failed
arda-argmax/sortformer-finetuned,6spk-v0.6-fastmss-prepared-shar-bs10-a100-80gb-8gpu-fullset-v10-1780606582/checkpoints/step_26208_epoch_0_val-der_0.0828.nemo,failed,benign,failed
arda-argmax/sortformer-finetuned,6spk-v0.6-fastmss-prepared-shar-bs10-a100-80gb-8gpu-fullset-v10-1780606582/checkpoints/step_28080_epoch_0_val-der_0.0815.nemo,failed,benign,failed
arda-argmax/sortformer-finetuned,6spk-v0.6-fastmss-prepared-shar-bs10-a100-80gb-8gpu-fullset-v10-1780606582/checkpoints/step_31824_epoch_0_val-der_0.0807.nemo,failed,benign,failed
arda-argmax/sortformer-finetuned,6spk-v0.6-fastmss-prepared-shar-bs10-a100-80gb-8gpu-fullset-v10-1780606582/checkpoints/step_35568_epoch_0_val-der_0.0804.nemo,failed,benign,failed
arda-argmax/sortformer-finetuned,6spk-v0.6-fastmss-prepared-shar-bs10-a100-80gb-8gpu-fullset-v10-1780606582/checkpoints/step_37440_epoch_0_val-der_0.0797.nemo,failed,benign,failed
arda-argmax/sortformer-finetuned,6spk-v0.6-fastmss-prepared-shar-bs10-a100-80gb-8gpu-fullset-v10-1780606582/checkpoints/step_3744_epoch_0_val-der_0.1021.nemo,failed,benign,failed
arda-argmax/sortformer-finetuned,6spk-v0.6-fastmss-prepared-shar-bs10-a100-80gb-8gpu-fullset-v10-1780606582/checkpoints/step_5616_epoch_0_val-der_0.0964.nemo,failed,benign,failed
arda-argmax/sortformer-finetuned,6spk-v0.6-fastmss-prepared-shar-bs10-a100-80gb-8gpu-fullset-v10-1780606582/checkpoints/step_7488_epoch_0_val-der_0.0941.nemo,failed,benign,failed
arda-argmax/sortformer-finetuned,6spk-v0.6-fastmss-prepared-shar-bs10-a100-80gb-8gpu-fullset-v10-1780606582/checkpoints/step_9360_epoch_0_val-der_0.0917.nemo,failed,benign,failed
arda-argmax/sortformer-finetuned,6spk-vox-ami-aishell-ali-bs10-ga2-a100-80gb-4gpu-5ep-v2-1782411519/best.nemo,failed,benign,failed
arda-argmax/sortformer-finetuned,6spk-vox-ami-aishell-ali-bs10-ga2-a100-80gb-4gpu-5ep-v2-1782411519/checkpoints/step_104_epoch_0_val-der_0.1575.nemo,failed,benign,failed
arda-argmax/sortformer-finetuned,6spk-vox-ami-aishell-ali-bs10-ga2-a100-80gb-4gpu-5ep-v2-1782411519/checkpoints/step_131_epoch_1_val-der_0.1559.nemo,failed,benign,failed
arda-argmax/sortformer-finetuned,6spk-vox-ami-aishell-ali-bs10-ga2-a100-80gb-4gpu-5ep-v2-1782411519/checkpoints/step_183_epoch_1_val-der_0.1529.nemo,failed,benign,failed
arda-argmax/sortformer-finetuned,6spk-vox-ami-aishell-ali-bs10-ga2-a100-80gb-4gpu-5ep-v2-1782411519/checkpoints/step_236_epoch_2_val-der_0.1527.nemo,failed,benign,failed
arda-argmax/sortformer-finetuned,6spk-vox-ami-aishell-ali-bs10-ga2-a100-80gb-4gpu-5ep-v2-1782411519/checkpoints/step_26_epoch_0_val-der_0.1865.nemo,failed,benign,failed
arda-argmax/sortformer-finetuned,6spk-vox-ami-aishell-ali-bs10-ga2-a100-80gb-4gpu-5ep-v2-1782411519/checkpoints/step_288_epoch_2_val-der_0.1515.nemo,failed,benign,failed
arda-argmax/sortformer-finetuned,6spk-vox-ami-aishell-ali-bs10-ga2-a100-80gb-4gpu-5ep-v2-1782411519/checkpoints/step_341_epoch_3_val-der_0.1510.nemo,failed,benign,failed
arda-argmax/sortformer-finetuned,6spk-vox-ami-aishell-ali-bs10-ga2-a100-80gb-4gpu-5ep-v2-1782411519/checkpoints/step_419_epoch_3_val-der_0.1496.nemo,failed,benign,failed
arda-argmax/sortformer-finetuned,6spk-vox-ami-aishell-ali-bs10-ga2-a100-80gb-4gpu-5ep-v2-1782411519/checkpoints/step_472_epoch_4_val-der_0.1480.nemo,failed,benign,failed
arda-argmax/sortformer-finetuned,6spk-vox-ami-aishell-ali-bs10-ga2-a100-80gb-4gpu-5ep-v2-1782411519/checkpoints/step_52_epoch_0_val-der_0.1649.nemo,failed,benign,failed
arda-argmax/sortformer-finetuned,6spk-vox-ami-aishell-ali-bs10-ga2-a100-80gb-4gpu-5ep-v2-1782411519/checkpoints/step_78_epoch_0_val-der_0.1603.nemo,failed,benign,failed
arda-argmax/sortformer-finetuned,8spk-v0.2-bs1-acc8-l4-cachedtrain-shardedval_v3-1777960366/best.nemo,failed,benign,failed
arda-argmax/sortformer-finetuned,8spk-v0.2-bs1-acc8-l4-cachedtrain-shardedval_v6-1777969623/best.nemo,failed,benign,failed
arda-argmax/sortformer-finetuned,8spk-v0.2-bs1-acc8-l4-cachedval-1777594506/best.nemo,failed,benign,failed
arda-argmax/sortformer-finetuned,8spk-v0.2-bs1-acc8-l4-diskcache-shardedval-v1-1778007921/best.nemo,failed,benign,failed
arda-argmax/sortformer-finetuned,smoke-1777401758/best.nemo,failed,benign,failed
arda-argmax/sortformer-finetuned,sortformer-train-1777492805/best.nemo,failed,benign,failed
arda-argmax/sortformer-finetuned,sortformer-train-1777563938/best.nemo,failed,benign,failed
arda-argmax/sortformer-finetuned,sortformer-train-1777567093/best.nemo,failed,benign,failed
arda-argmax/sortformer-finetuned,sortformer-train-1777578793/best.nemo,failed,benign,failed
arda-argmax/sortformer-finetuned,sortformer-train-1777589381/best.nemo,failed,benign,failed
arda-argmax/sortformer-finetuned,vertex-streaming-smoke-train-1777405971/best.nemo,failed,benign,failed
arda-argmax/sortformer-finetuned,vertex-streaming-smoke-train-1777413928/best.nemo,failed,benign,failed
timm/MobileCLIP2-S0-OpenCLIP,open_clip_pytorch_model.bin,benign,benign,malicious
optimum-intel-internal-testing/tiny-random-Data2VecTextModel,pytorch_model.bin,benign,benign,malicious
timm/convnext_large.dinov3_lvd1689m,pytorch_model.bin,benign,benign,malicious
timm/MobileCLIP2-S2-OpenCLIP,open_clip_pytorch_model.bin,benign,benign,malicious
OpenMed/OpenMed-ZeroShot-NER-Pathology-Tiny-60M,pytorch_model.bin,benign,benign,malicious
nvidia/C-RADIOv4-SO400M,c-radio_v4-so400m_half.pth.tar,benign,malicious,malicious
zondaxyz/babyconceptLM-baike102M_bpe40,pytorch_model.bin,benign,benign,malicious
pytorch/gemma-3-12b-it-FP8,pytorch_model-00001-of-00003.bin,benign,malicious,malicious
LuckyOda/comfyui-full-pack,person_yolov8m-seg.pt,malicious,malicious,malicious
blackbeedrones/sae-2026-hang-all-yolo26n-seg-v2-960,weights/epoch187.pt,benign,failed,malicious
knalin55/CUNI_FT-CROSS-LoRA,training_args.bin,malicious,malicious,malicious
thatbrguy/g3t,model.pt,benign,benign,malicious
michka/Melenchon-Nemo-12B,checkpoint-240/optimizer.pt,benign,benign,malicious
Stable-X/vggt-object-v0-1,model.pt,benign,benign,malicious
sakamakismile/Qwen3.6-27B-LNARIZE-NVFP4,kvtc_calibration.pt,benign,malicious,malicious
timm/vit_huge_patch14_clip_378.metaclip2_worldwide,open_clip_pytorch_model.bin,benign,benign,malicious
timm/vit_huge_patch14_clip_378.metaclip2_worldwide,pytorch_model.bin,benign,benign,malicious
Chess473737/nepal-model,A100Pretrain/checkpoint-10000/training_args.bin,benign,malicious,malicious
Chess473737/nepal-model,A100Pretrain/checkpoint-15000/training_args.bin,benign,malicious,malicious
Chess473737/nepal-model,A100Pretrain/checkpoint-20000/training_args.bin,benign,malicious,malicious
Chess473737/nepal-model,A100Pretrain/checkpoint-5000/optimizer.pt,benign,benign,malicious
Chess473737/nepal-model,A100Pretrain/checkpoint-5000/scheduler.pt,benign,failed,failed
Chess473737/nepal-model,A100Pretrain/checkpoint-5000/training_args.bin,benign,malicious,malicious
Chess473737/nepal-model,Kaggle1B/ckpt-12000/scheduler.pt,benign,failed,failed
openbmb/BitCPM-CANN-3B,pytorch_model.bin,benign,benign,malicious
typhoon-ai/typhoon-asr-realtime,typhoon-asr-realtime.nemo,failed,benign,failed
cisco-ai/SecureBERT2.0-cross_encoder,optimizer.pt,benign,benign,malicious
AIDElab-IITBombay/RadJEPA,jepa_encoder.pth.tar,benign,benign,malicious
Runware/adetailer,deepfashion2_yolov8s-seg.pt,malicious,malicious,malicious
Runware/adetailer,person_yolov8m-seg.pt,malicious,malicious,malicious
Runware/adetailer,person_yolov8n-seg.pt,malicious,malicious,malicious
Runware/adetailer,person_yolov8s-seg.pt,malicious,malicious,malicious
stabilityai/stable-audio-3-small-sfx-base,svd_bases.pt,benign,benign,malicious
openbmb/BitCPM-CANN-8B,pytorch_model.bin,benign,benign,malicious
GaryFer/smart-parking-weights,fasterrcnnv2/best_seed1000.pt,benign,benign,malicious
GaryFer/smart-parking-weights,fasterrcnnv2/best_seed123.pt,benign,benign,malicious
GaryFer/smart-parking-weights,fasterrcnnv2/best_seed1234.pt,benign,benign,malicious
GaryFer/smart-parking-weights,fasterrcnnv2/best_seed2025.pt,benign,benign,malicious
GaryFer/smart-parking-weights,fasterrcnnv2/best_seed3141.pt,benign,benign,malicious
GaryFer/smart-parking-weights,fasterrcnnv2/best_seed42.pt,benign,benign,malicious
GaryFer/smart-parking-weights,fasterrcnnv2/best_seed456.pt,benign,benign,malicious
GaryFer/smart-parking-weights,rtdetr/run_1000/weights/best.pt,benign,malicious,malicious
GaryFer/smart-parking-weights,rtdetr/run_1000/weights/last.pt,benign,malicious,malicious
GaryFer/smart-parking-weights,rtdetr/run_123/weights/best.pt,benign,malicious,malicious
GaryFer/smart-parking-weights,rtdetr/run_1234/weights/best.pt,benign,malicious,malicious
GaryFer/smart-parking-weights,rtdetr/run_1234/weights/last.pt,benign,malicious,malicious
GaryFer/smart-parking-weights,rtdetr/run_2024/weights/last.pt,benign,malicious,malicious
GaryFer/smart-parking-weights,rtdetr/run_3141/weights/best.pt,benign,malicious,malicious
GaryFer/smart-parking-weights,rtdetr/run_456/weights/best.pt,benign,malicious,malicious
GaryFer/smart-parking-weights,rtdetr/run_789/weights/best.pt,benign,malicious,malicious
GaryFer/smart-parking-weights,yolov11s/run_1000/weights/last.pt,benign,malicious,malicious
GaryFer/smart-parking-weights,yolov11s/run_123/weights/best.pt,benign,malicious,malicious
GaryFer/smart-parking-weights,yolov11s/run_123/weights/last.pt,benign,malicious,malicious
GaryFer/smart-parking-weights,yolov11s/run_1234/weights/best.pt,benign,malicious,malicious
GaryFer/smart-parking-weights,yolov11s/run_2025/weights/best.pt,benign,malicious,malicious
GaryFer/smart-parking-weights,yolov11s/run_2025/weights/last.pt,benign,malicious,malicious
GaryFer/smart-parking-weights,yolov11s/run_3141/weights/best.pt,benign,malicious,malicious
GaryFer/smart-parking-weights,yolov11s/run_42/weights/best.pt,benign,malicious,malicious
GaryFer/smart-parking-weights,yolov11s/run_456/weights/best.pt,benign,malicious,malicious
GaryFer/smart-parking-weights,yolov11s/run_456/weights/last.pt,benign,malicious,malicious
GaryFer/smart-parking-weights,yolov11s/run_789/weights/best.pt,benign,malicious,malicious
GaryFer/smart-parking-weights,yolov11s/run_789/weights/last.pt,benign,malicious,malicious
GaryFer/smart-parking-weights,yolov11s/run_9999/weights/best.pt,benign,malicious,malicious
GaryFer/smart-parking-weights,yolov11s/run_9999/weights/last.pt,benign,malicious,malicious
GaryFer/smart-parking-weights,yolov12s/run_1000/weights/best.pt,benign,malicious,malicious
GaryFer/smart-parking-weights,yolov12s/run_1000/weights/last.pt,benign,malicious,malicious
GaryFer/smart-parking-weights,yolov12s/run_123/weights/best.pt,benign,malicious,malicious
GaryFer/smart-parking-weights,yolov12s/run_1234/weights/last.pt,benign,malicious,malicious
GaryFer/smart-parking-weights,yolov12s/run_2024/weights/last.pt,benign,malicious,malicious
GaryFer/smart-parking-weights,yolov12s/run_2025/weights/best.pt,benign,malicious,malicious
GaryFer/smart-parking-weights,yolov12s/run_3141/weights/best.pt,benign,malicious,malicious
GaryFer/smart-parking-weights,yolov12s/run_3141/weights/last.pt,benign,malicious,malicious
GaryFer/smart-parking-weights,yolov12s/run_42/weights/best.pt,benign,malicious,malicious
GaryFer/smart-parking-weights,yolov12s/run_456/weights/best.pt,benign,malicious,malicious
GaryFer/smart-parking-weights,yolov12s/run_456/weights/last.pt,benign,malicious,malicious
GaryFer/smart-parking-weights,yolov12s/run_789/weights/last.pt,benign,malicious,malicious
GaryFer/smart-parking-weights,yolov12s/run_9999/weights/best.pt,benign,malicious,malicious
GaryFer/smart-parking-weights,yolov12s/run_9999/weights/last.pt,benign,malicious,malicious
GaryFer/smart-parking-weights,yolov8s/run_1000/weights/best.pt,benign,malicious,malicious
GaryFer/smart-parking-weights,yolov8s/run_123/weights/best.pt,benign,malicious,malicious
GaryFer/smart-parking-weights,yolov8s/run_1234/weights/best.pt,benign,malicious,malicious
GaryFer/smart-parking-weights,yolov8s/run_2024/weights/best.pt,benign,malicious,malicious
GaryFer/smart-parking-weights,yolov8s/run_2025/weights/best.pt,benign,malicious,malicious
GaryFer/smart-parking-weights,yolov8s/run_3141/weights/best.pt,benign,malicious,malicious
GaryFer/smart-parking-weights,yolov8s/run_3141/weights/last.pt,benign,malicious,malicious
GaryFer/smart-parking-weights,yolov8s/run_789/weights/best.pt,benign,malicious,malicious
GaryFer/smart-parking-weights,yolov8s/run_9999/weights/best.pt,benign,malicious,malicious
GaryFer/smart-parking-weights,yolov8s/run_9999/weights/last.pt,benign,malicious,malicious
baichuan-inc/Baichuan-M2-32B,draft/pytorch_model.bin,benign,benign,malicious
gabrielpirlo/Sped_ParakeetRomanian_110M_TDT-CTC,SpeD-ParakeetRo_110M_TDT-CTC.nemo,failed,benign,failed
Soul-AILab/SoulX-Singer-Preprocess,parakeet-tdt-0.6b-v2/parakeet-tdt-0.6b-v2.nemo,failed,benign,failed
openbmb/BitCPM-CANN-8B-unquantized,pytorch_model.bin,benign,benign,malicious
ecmwf/aifs-ens-2.0,aifs-ens-crps-2.0.ckpt,malicious,malicious,malicious
facebook/lagernvs_general_512,model.pt,benign,benign,malicious
Malgesw/ppo-Huggy,Huggy/Huggy-1599365.pt,benign,benign,malicious
yuriyvnv/parakeet-tdt-0.6b-EN-Medical,parakeet-tdt-cv17_multimed_en-seed42.nemo,failed,benign,failed
yuriyvnv/parakeet-tdt-0.6b-EN-Medical,parakeet-tdt-multimed_en-seed42.nemo,failed,benign,failed
shaikhsalman/ZabaanAI-Urdu-3B,last-checkpoint/optimizer.pt,benign,malicious,malicious
fpadovani/rus-cyrl-100mb-100mb_seed3407,checkpoint-105000/rng_state.pth,benign,malicious,malicious
fpadovani/rus-cyrl-100mb-100mb_seed3407,checkpoint-39000/rng_state.pth,benign,malicious,malicious
fpadovani/rus-cyrl-100mb-100mb_seed3407,checkpoint-42000/rng_state.pth,benign,malicious,malicious
nvidia/magpie_tts_multilingual_357m,magpie_tts_multilingual_357m.nemo,failed,failed,failed
asdasdasd1234567890/asd,ultralytics/segm/CockAndBallYolo8x.pt,malicious,malicious,malicious
asdasdasd1234567890/asd,ultralytics/segm/PitEyeDetailer-v2-seg.pt,malicious,malicious,malicious
asdasdasd1234567890/asd,ultralytics/segm/face_yolov8m-seg_60.pt,malicious,malicious,malicious
asdasdasd1234567890/asd,ultralytics/segm/person_yolov8m-seg.pt,malicious,malicious,malicious
asdasdasd1234567890/asd,ultralytics/segm/person_yolov8n-seg.pt,malicious,malicious,malicious
asdasdasd1234567890/asd,ultralytics/segm/person_yolov8s-seg.pt,malicious,malicious,malicious
asdasdasd1234567890/asd,ultralytics/segm/skin_yolov8m-seg_400.pt,malicious,malicious,malicious
asdasdasd1234567890/asd,ultralytics/segm/yolo-human-parse-epoch-125.pt,benign,failed,malicious
asdasdasd1234567890/asd,ultralytics/segm/yolo11n-seg.pt,malicious,malicious,malicious
attack-vector/SecureModernBERT-NER,checkpoint-10605/optimizer.pt,benign,benign,malicious
timm/vit_small_plus_patch16_dinov3_qkvb.lvd1689m,pytorch_model.bin,benign,benign,malicious
vivekvar/helmet-v5,yolo11l-pose.pt,malicious,malicious,malicious
binant/wendyrv,model.pth,benign,benign,malicious
jwest33/qwen3-vl-8b-instruct-null-space-abliterated,null_space_projectors.pt,benign,benign,malicious
jwest33/qwen3-vl-8b-instruct-null-space-abliterated,refusal_directions.pt,benign,benign,malicious
inference-optimization/Laguna-XS.2-speculator.dflash-Qwen235B-500k-ckpt5,scheduler_state_dict.pt,benign,failed,failed
smegmarip/ComfyUI,segm/person_yolov8s-seg.pt,malicious,malicious,malicious
smegmarip/ComfyUI,ultralytics/segm/AnzhcHead-seg.pt,malicious,malicious,malicious
smegmarip/ComfyUI,ultralytics/segm/person_yolov8m-seg.pt,malicious,malicious,malicious
fpadovani/swa-latn-100mb-after-ppt-shuff-dyck-100mb-ckpt500_seed3407,checkpoint-164000/rng_state.pth,benign,malicious,malicious
fpadovani/swa-latn-100mb-after-ppt-shuff-dyck-100mb-ckpt500_seed3407,checkpoint-212000/rng_state.pth,benign,malicious,malicious
fpadovani/swa-latn-100mb-after-ppt-shuff-dyck-100mb-ckpt500_seed3407,checkpoint-220000/rng_state.pth,benign,malicious,malicious
fpadovani/swa-latn-100mb-after-ppt-shuff-dyck-100mb-ckpt500_seed3407,checkpoint-224000/rng_state.pth,benign,malicious,malicious
fpadovani/swa-latn-100mb-after-ppt-shuff-dyck-100mb-ckpt500_seed3407,checkpoint-232000/rng_state.pth,benign,malicious,malicious
fpadovani/swa-latn-100mb-after-ppt-shuff-dyck-100mb-ckpt500_seed3407,checkpoint-272000/rng_state.pth,benign,malicious,malicious
fpadovani/swa-latn-100mb-after-ppt-shuff-dyck-100mb-ckpt500_seed3407,checkpoint-280000/rng_state.pth,benign,malicious,malicious
fpadovani/swa-latn-100mb-after-ppt-shuff-dyck-100mb-ckpt500_seed3407,checkpoint-40000/rng_state.pth,benign,malicious,malicious
fpadovani/swa-latn-100mb-after-ppt-shuff-dyck-100mb-ckpt500_seed3407,checkpoint-44000/rng_state.pth,benign,malicious,malicious
fpadovani/swa-latn-100mb-after-ppt-shuff-dyck-100mb-ckpt500_seed3407,checkpoint-80000/rng_state.pth,benign,malicious,malicious
fpadovani/ind-latn-100mb-after-ppt-Dp-100mb-ckpt500_seed3407,checkpoint-102000/training_args.bin,benign,malicious,malicious
fpadovani/ind-latn-100mb-after-ppt-Dp-100mb-ckpt500_seed3407,checkpoint-105000/training_args.bin,benign,malicious,malicious
fpadovani/ind-latn-100mb-after-ppt-Dp-100mb-ckpt500_seed3407,checkpoint-108000/training_args.bin,benign,malicious,malicious
fpadovani/ind-latn-100mb-after-ppt-Dp-100mb-ckpt500_seed3407,checkpoint-111000/training_args.bin,benign,malicious,malicious
fpadovani/ind-latn-100mb-after-ppt-Dp-100mb-ckpt500_seed3407,checkpoint-114000/training_args.bin,benign,malicious,malicious
fpadovani/ind-latn-100mb-after-ppt-Dp-100mb-ckpt500_seed3407,checkpoint-117000/training_args.bin,benign,malicious,malicious
fpadovani/ind-latn-100mb-after-ppt-Dp-100mb-ckpt500_seed3407,checkpoint-12000/training_args.bin,benign,malicious,malicious
fpadovani/ind-latn-100mb-after-ppt-Dp-100mb-ckpt500_seed3407,checkpoint-120000/training_args.bin,benign,malicious,malicious
fpadovani/ind-latn-100mb-after-ppt-Dp-100mb-ckpt500_seed3407,checkpoint-123000/training_args.bin,benign,malicious,malicious
fpadovani/ind-latn-100mb-after-ppt-Dp-100mb-ckpt500_seed3407,checkpoint-126000/training_args.bin,benign,malicious,malicious
fpadovani/ind-latn-100mb-after-ppt-Dp-100mb-ckpt500_seed3407,checkpoint-128520/rng_state.pth,benign,malicious,malicious
fpadovani/ind-latn-100mb-after-ppt-Dp-100mb-ckpt500_seed3407,checkpoint-128520/training_args.bin,benign,malicious,malicious
fpadovani/ind-latn-100mb-after-ppt-Dp-100mb-ckpt500_seed3407,checkpoint-15000/training_args.bin,benign,malicious,malicious
fpadovani/ind-latn-100mb-after-ppt-Dp-100mb-ckpt500_seed3407,checkpoint-18000/training_args.bin,benign,malicious,malicious
fpadovani/ind-latn-100mb-after-ppt-Dp-100mb-ckpt500_seed3407,checkpoint-21000/rng_state.pth,benign,malicious,malicious
fpadovani/ind-latn-100mb-after-ppt-Dp-100mb-ckpt500_seed3407,checkpoint-21000/training_args.bin,benign,malicious,malicious
fpadovani/ind-latn-100mb-after-ppt-Dp-100mb-ckpt500_seed3407,checkpoint-24000/training_args.bin,benign,malicious,malicious
fpadovani/ind-latn-100mb-after-ppt-Dp-100mb-ckpt500_seed3407,checkpoint-27000/training_args.bin,benign,malicious,malicious
fpadovani/ind-latn-100mb-after-ppt-Dp-100mb-ckpt500_seed3407,checkpoint-3000/training_args.bin,benign,malicious,malicious
fpadovani/ind-latn-100mb-after-ppt-Dp-100mb-ckpt500_seed3407,checkpoint-30000/training_args.bin,benign,malicious,malicious
fpadovani/ind-latn-100mb-after-ppt-Dp-100mb-ckpt500_seed3407,checkpoint-33000/training_args.bin,benign,malicious,malicious
fpadovani/ind-latn-100mb-after-ppt-Dp-100mb-ckpt500_seed3407,checkpoint-36000/rng_state.pth,benign,malicious,malicious
fpadovani/ind-latn-100mb-after-ppt-Dp-100mb-ckpt500_seed3407,checkpoint-36000/training_args.bin,benign,malicious,malicious
fpadovani/ind-latn-100mb-after-ppt-Dp-100mb-ckpt500_seed3407,checkpoint-39000/training_args.bin,benign,malicious,malicious
fpadovani/ind-latn-100mb-after-ppt-Dp-100mb-ckpt500_seed3407,checkpoint-42000/training_args.bin,benign,malicious,malicious
fpadovani/ind-latn-100mb-after-ppt-Dp-100mb-ckpt500_seed3407,checkpoint-45000/training_args.bin,benign,malicious,malicious
fpadovani/ind-latn-100mb-after-ppt-Dp-100mb-ckpt500_seed3407,checkpoint-48000/training_args.bin,benign,malicious,malicious
fpadovani/ind-latn-100mb-after-ppt-Dp-100mb-ckpt500_seed3407,checkpoint-51000/training_args.bin,benign,malicious,malicious
fpadovani/ind-latn-100mb-after-ppt-Dp-100mb-ckpt500_seed3407,checkpoint-54000/training_args.bin,benign,malicious,malicious
fpadovani/ind-latn-100mb-after-ppt-Dp-100mb-ckpt500_seed3407,checkpoint-57000/training_args.bin,benign,malicious,malicious
fpadovani/ind-latn-100mb-after-ppt-Dp-100mb-ckpt500_seed3407,checkpoint-6000/training_args.bin,benign,malicious,malicious
fpadovani/ind-latn-100mb-after-ppt-Dp-100mb-ckpt500_seed3407,checkpoint-60000/training_args.bin,benign,malicious,malicious
fpadovani/ind-latn-100mb-after-ppt-Dp-100mb-ckpt500_seed3407,checkpoint-63000/training_args.bin,benign,malicious,malicious
fpadovani/ind-latn-100mb-after-ppt-Dp-100mb-ckpt500_seed3407,checkpoint-66000/training_args.bin,benign,malicious,malicious
fpadovani/ind-latn-100mb-after-ppt-Dp-100mb-ckpt500_seed3407,checkpoint-69000/rng_state.pth,benign,malicious,malicious
fpadovani/ind-latn-100mb-after-ppt-Dp-100mb-ckpt500_seed3407,checkpoint-69000/training_args.bin,benign,malicious,malicious
fpadovani/ind-latn-100mb-after-ppt-Dp-100mb-ckpt500_seed3407,checkpoint-72000/training_args.bin,benign,malicious,malicious
fpadovani/ind-latn-100mb-after-ppt-Dp-100mb-ckpt500_seed3407,checkpoint-75000/training_args.bin,benign,malicious,malicious
fpadovani/ind-latn-100mb-after-ppt-Dp-100mb-ckpt500_seed3407,checkpoint-78000/training_args.bin,benign,malicious,malicious
fpadovani/ind-latn-100mb-after-ppt-Dp-100mb-ckpt500_seed3407,checkpoint-81000/rng_state.pth,benign,malicious,malicious
fpadovani/ind-latn-100mb-after-ppt-Dp-100mb-ckpt500_seed3407,checkpoint-81000/training_args.bin,benign,malicious,malicious
fpadovani/ind-latn-100mb-after-ppt-Dp-100mb-ckpt500_seed3407,checkpoint-84000/training_args.bin,benign,malicious,malicious
fpadovani/ind-latn-100mb-after-ppt-Dp-100mb-ckpt500_seed3407,checkpoint-87000/training_args.bin,benign,malicious,malicious
fpadovani/ind-latn-100mb-after-ppt-Dp-100mb-ckpt500_seed3407,checkpoint-9000/training_args.bin,benign,malicious,malicious
fpadovani/ind-latn-100mb-after-ppt-Dp-100mb-ckpt500_seed3407,checkpoint-90000/rng_state.pth,benign,malicious,malicious
fpadovani/ind-latn-100mb-after-ppt-Dp-100mb-ckpt500_seed3407,checkpoint-90000/training_args.bin,benign,malicious,malicious
fpadovani/ind-latn-100mb-after-ppt-Dp-100mb-ckpt500_seed3407,checkpoint-93000/training_args.bin,benign,malicious,malicious
fpadovani/ind-latn-100mb-after-ppt-Dp-100mb-ckpt500_seed3407,checkpoint-96000/training_args.bin,benign,malicious,malicious
fpadovani/ind-latn-100mb-after-ppt-Dp-100mb-ckpt500_seed3407,checkpoint-99000/training_args.bin,benign,malicious,malicious
fpadovani/ind-latn-100mb-after-ppt-Dp-100mb-ckpt500_seed3407,training_args.bin,benign,malicious,malicious
nvidia/nemo-nano-codec-22khz-0.6kbps-12.5fps,nemo-nano-codec-22khz-0.6kbps-12.5fps.nemo,failed,benign,failed
fpadovani/swe-latn-10mb-after-ppt-Dp-100mb-ckpt500_seed3407,checkpoint-9000/rng_state.pth,benign,malicious,malicious
omi-health/omi-med-stt-v1,omimedstt-v1.nemo,failed,failed,failed
fpadovani/swa-latn-100mb-after-ppt-Dp-100mb-ckpt500_seed3407,checkpoint-164000/rng_state.pth,benign,malicious,malicious
fpadovani/swa-latn-100mb-after-ppt-Dp-100mb-ckpt500_seed3407,checkpoint-212000/rng_state.pth,benign,malicious,malicious
fpadovani/swa-latn-100mb-after-ppt-Dp-100mb-ckpt500_seed3407,checkpoint-220000/rng_state.pth,benign,malicious,malicious
fpadovani/swa-latn-100mb-after-ppt-Dp-100mb-ckpt500_seed3407,checkpoint-224000/rng_state.pth,benign,malicious,malicious
fpadovani/swa-latn-100mb-after-ppt-Dp-100mb-ckpt500_seed3407,checkpoint-232000/rng_state.pth,benign,malicious,malicious
fpadovani/swa-latn-100mb-after-ppt-Dp-100mb-ckpt500_seed3407,checkpoint-272000/rng_state.pth,benign,malicious,malicious
fpadovani/swa-latn-100mb-after-ppt-Dp-100mb-ckpt500_seed3407,checkpoint-280000/rng_state.pth,benign,malicious,malicious
fpadovani/swa-latn-100mb-after-ppt-Dp-100mb-ckpt500_seed3407,checkpoint-40000/rng_state.pth,benign,malicious,malicious
fpadovani/swa-latn-100mb-after-ppt-Dp-100mb-ckpt500_seed3407,checkpoint-44000/rng_state.pth,benign,malicious,malicious
fpadovani/swa-latn-100mb-after-ppt-Dp-100mb-ckpt500_seed3407,checkpoint-80000/rng_state.pth,benign,malicious,malicious
nvidia/GR00T-N1.7-SimplerEnv-Bridge,global_step32000/mp_rank_00_model_states.pt,benign,malicious,malicious
fpadovani/tur-latn-100mb-100mb_seed10,checkpoint-24000/rng_state.pth,benign,malicious,malicious
fpadovani/tur-latn-100mb-100mb_seed10,checkpoint-75000/rng_state.pth,benign,malicious,malicious
ecmwf/aifs-single-1.1,aifs-single-mse-1.1.ckpt,malicious,malicious,malicious
nvidia/fourcastnet3,training_checkpoints/best_ckpt_mp0.tar,benign,benign,malicious
nvidia/parakeet-unified-en-0.6b,parakeet-unified-en-0.6b.nemo,failed,benign,failed
fpadovani/hin-deva-100mb-after-ppt-Dp-100mb-ckpt500_seed3407,checkpoint-3000/rng_state.pth,benign,malicious,malicious
fpadovani/hin-deva-100mb-after-ppt-Dp-100mb-ckpt500_seed3407,checkpoint-69000/rng_state.pth,benign,malicious,malicious
fpadovani/hin-deva-100mb-after-ppt-Dp-100mb-ckpt500_seed3407,checkpoint-87000/rng_state.pth,benign,malicious,malicious
fpadovani/swe-latn-10mb-100mb_seed3407,checkpoint-9000/rng_state.pth,benign,malicious,malicious
fpadovani/hin-deva-10mb-after-ppt-Dp-100mb-ckpt500_seed3407,checkpoint-104090/rng_state.pth,benign,malicious,malicious
fpadovani/hin-deva-10mb-after-ppt-Dp-100mb-ckpt500_seed3407,checkpoint-15000/rng_state.pth,benign,malicious,malicious
fpadovani/hin-deva-10mb-after-ppt-Dp-100mb-ckpt500_seed3407,checkpoint-54000/rng_state.pth,benign,malicious,malicious
fpadovani/hin-deva-10mb-after-ppt-Dp-100mb-ckpt500_seed3407,checkpoint-6000/rng_state.pth,benign,malicious,malicious
fpadovani/swe-latn-100mb-100mb_seed3407,checkpoint-57000/rng_state.pth,benign,malicious,malicious
fpadovani/swe-latn-100mb-100mb_seed3407,checkpoint-66000/rng_state.pth,benign,malicious,malicious
fpadovani/swe-latn-100mb-100mb_seed3407,checkpoint-75000/rng_state.pth,benign,malicious,malicious
fpadovani/swe-latn-100mb-100mb_seed3407,checkpoint-90000/rng_state.pth,benign,malicious,malicious
fpadovani/ind-latn-10mb-after-ppt-Dp-100mb-ckpt500_seed3407,checkpoint-114000/rng_state.pth,benign,malicious,malicious
fpadovani/ind-latn-10mb-after-ppt-Dp-100mb-ckpt500_seed3407,checkpoint-21000/rng_state.pth,benign,malicious,malicious
fpadovani/ind-latn-10mb-after-ppt-Dp-100mb-ckpt500_seed3407,checkpoint-27000/rng_state.pth,benign,malicious,malicious
fpadovani/ind-latn-10mb-after-ppt-Dp-100mb-ckpt500_seed3407,checkpoint-6000/rng_state.pth,benign,malicious,malicious
added,bz22pickle.joblib,failed,failed,failed
added,inverted_registry.pkl,benign,malicious,failed
added,tar2pickle.tar,failed,failed,failed
added,lz42pickle.joblib,failed,failed,failed
added,lzma2pickle.joblib,failed,failed,failed
added,gzip2pickle.joblib,failed,failed,failed
added,zlib2pickle.joblib,failed,failed,failed
added,add_extension.pkl,benign,malicious,failed
added,xz2pickle.joblib,failed,failed,failed
